year,month,time,price,wprice,pop
2014,1,11:29:00,72600,,41946 
2014,1,11:29:01,72600,,41946 
2014,1,11:29:02,72600,,41946 
2014,1,11:29:03,72600,,41946 
2014,1,11:29:04,72600,,41946 
2014,1,11:29:05,72600,,41946 
2014,1,11:29:06,72600,,41946 
2014,1,11:29:07,72600,,41946 
2014,1,11:29:08,72600,,41946 
2014,1,11:29:09,72600,,41946 
2014,1,11:29:10,72600,,41946 
2014,1,11:29:11,72600,,41946 
2014,1,11:29:12,72600,,41946 
2014,1,11:29:13,72600,,41946 
2014,1,11:29:14,72600,,41946 
2014,1,11:29:15,72600,,41946 
2014,1,11:29:16,72600,,41946 
2014,1,11:29:17,72600,,41946 
2014,1,11:29:18,72600,,41946 
2014,1,11:29:19,72600,,41946 
2014,1,11:29:20,72600,,41946 
2014,1,11:29:21,72600,,41946 
2014,1,11:29:22,72600,,41946 
2014,1,11:29:23,72600,,41946 
2014,1,11:29:24,72600,,41946 
2014,1,11:29:25,72600,,41946 
2014,1,11:29:26,72600,,41946 
2014,1,11:29:27,72600,,41946 
2014,1,11:29:28,72600,,41946 
2014,1,11:29:29,72600,,41946 
2014,1,11:29:30,72600,,41946 
2014,1,11:29:31,72700,,41946 
2014,1,11:29:32,72800,,41946 
2014,1,11:29:33,72900,,41946 
2014,1,11:29:34,72900,,41946 
2014,1,11:29:35,72900,,41946 
2014,1,11:29:36,72900,,41946 
2014,1,11:29:37,72900,,41946 
2014,1,11:29:38,72900,,41946 
2014,1,11:29:39,72900,,41946 
2014,1,11:29:40,72900,,41946 
2014,1,11:29:41,72900,,41946 
2014,1,11:29:42,72900,,41946 
2014,1,11:29:43,72900,,41946 
2014,1,11:29:44,72900,,41946 
2014,1,11:29:45,72900,,41946 
2014,1,11:29:46,72900,,41946 
2014,1,11:29:47,73000,,41946 
2014,1,11:29:48,73100,,41946 
2014,1,11:29:49,73200,,41946 
2014,1,11:29:50,73200,,41946 
2014,1,11:29:51,73200,,41946 
2014,1,11:29:52,73200,,41946 
2014,1,11:29:53,73200,,41946 
2014,1,11:29:54,73200,,41946 
2014,1,11:29:55,73200,,41946 
2014,1,11:29:56,73200,,41946 
2014,1,11:29:57,73400,,41946 
2014,1,11:29:58,73500,,41946 
2014,1,11:29:59,73500,,41946 
2014,2,11:29:00,72600,,45758 
2014,2,11:29:01,72600,,45758 
2014,2,11:29:02,72600,,45758 
2014,2,11:29:03,72600,,45758 
2014,2,11:29:04,72600,,45758 
2014,2,11:29:05,72600,,45758 
2014,2,11:29:06,72600,,45758 
2014,2,11:29:07,72600,,45758 
2014,2,11:29:08,72600,,45758 
2014,2,11:29:09,72600,,45758 
2014,2,11:29:10,72600,,45758 
2014,2,11:29:11,72600,,45758 
2014,2,11:29:12,72600,,45758 
2014,2,11:29:13,72600,,45758 
2014,2,11:29:14,72600,,45758 
2014,2,11:29:15,72600,,45758 
2014,2,11:29:16,72600,,45758 
2014,2,11:29:17,72600,,45758 
2014,2,11:29:18,72600,,45758 
2014,2,11:29:19,72600,,45758 
2014,2,11:29:20,72600,,45758 
2014,2,11:29:21,72600,,45758 
2014,2,11:29:22,72600,,45758 
2014,2,11:29:23,72600,,45758 
2014,2,11:29:24,72600,,45758 
2014,2,11:29:25,72600,,45758 
2014,2,11:29:26,72600,,45758 
2014,2,11:29:27,72600,,45758 
2014,2,11:29:28,72700,,45758 
2014,2,11:29:29,72800,,45758 
2014,2,11:29:30,72900,,45758 
2014,2,11:29:31,72900,,45758 
2014,2,11:29:32,72900,,45758 
2014,2,11:29:33,72900,,45758 
2014,2,11:29:34,72900,,45758 
2014,2,11:29:35,72900,,45758 
2014,2,11:29:36,72900,,45758 
2014,2,11:29:37,72900,,45758 
2014,2,11:29:38,72900,,45758 
2014,2,11:29:39,72900,,45758 
2014,2,11:29:40,72900,,45758 
2014,2,11:29:41,72900,,45758 
2014,2,11:29:42,72900,,45758 
2014,2,11:29:43,72900,,45758 
2014,2,11:29:44,72900,,45758 
2014,2,11:29:45,72900,,45758 
2014,2,11:29:46,72900,,45758 
2014,2,11:29:47,72900,,45758 
2014,2,11:29:48,72900,,45758 
2014,2,11:29:49,72900,,45758 
2014,2,11:29:50,72900,,45758 
2014,2,11:29:51,72900,,45758 
2014,2,11:29:52,72900,,45758 
2014,2,11:29:53,73100,,45758 
2014,2,11:29:54,73200,,45758 
2014,2,11:29:55,73200,,45758 
2014,2,11:29:56,73200,,45758 
2014,2,11:29:57,73200,,45758 
2014,2,11:29:58,73200,,45758 
2014,2,11:29:59,73200,,45758 
2014,3,11:29:00,72900,,61853 
2014,3,11:29:01,72900,,61853 
2014,3,11:29:02,72900,,61853 
2014,3,11:29:03,72900,,61853 
2014,3,11:29:04,72900,,61853 
2014,3,11:29:05,72900,,61853 
2014,3,11:29:06,72900,,61853 
2014,3,11:29:07,72900,,61853 
2014,3,11:29:08,72900,,61853 
2014,3,11:29:09,72900,,61853 
2014,3,11:29:10,72900,,61853 
2014,3,11:29:11,73000,,61853 
2014,3,11:29:12,73000,,61853 
2014,3,11:29:13,73100,,61853 
2014,3,11:29:14,73200,,61853 
2014,3,11:29:15,73200,,61853 
2014,3,11:29:16,73200,,61853 
2014,3,11:29:17,73200,,61853 
2014,3,11:29:18,73200,,61853 
2014,3,11:29:19,73200,,61853 
2014,3,11:29:20,73200,,61853 
2014,3,11:29:21,73200,,61853 
2014,3,11:29:22,73200,,61853 
2014,3,11:29:23,73200,,61853 
2014,3,11:29:24,73200,,61853 
2014,3,11:29:25,73200,,61853 
2014,3,11:29:26,73200,,61853 
2014,3,11:29:27,73200,,61853 
2014,3,11:29:28,73200,,61853 
2014,3,11:29:29,73200,,61853 
2014,3,11:29:30,73200,,61853 
2014,3,11:29:31,73300,,61853 
2014,3,11:29:32,73300,,61853 
2014,3,11:29:33,73400,,61853 
2014,3,11:29:34,73400,,61853 
2014,3,11:29:35,73500,,61853 
2014,3,11:29:36,73500,,61853 
2014,3,11:29:37,73500,,61853 
2014,3,11:29:38,73500,,61853 
2014,3,11:29:39,73500,,61853 
2014,3,11:29:40,73500,,61853 
2014,3,11:29:41,73500,,61853 
2014,3,11:29:42,73500,,61853 
2014,3,11:29:43,73500,,61853 
2014,3,11:29:44,73500,,61853 
2014,3,11:29:45,73500,,61853 
2014,3,11:29:46,73500,,61853 
2014,3,11:29:47,73500,,61853 
2014,3,11:29:48,73600,,61853 
2014,3,11:29:49,73600,,61853 
2014,3,11:29:50,73700,,61853 
2014,3,11:29:51,73700,,61853 
2014,3,11:29:52,73700,,61853 
2014,3,11:29:53,73800,,61853 
2014,3,11:29:54,73800,,61853 
2014,3,11:29:55,73800,,61853 
2014,3,11:29:56,73800,,61853 
2014,3,11:29:57,73800,,61853 
2014,3,11:29:58,73800,,61853 
2014,3,11:29:59,73800,,61853 
2014,4,11:29:00,73100,,94241 
2014,4,11:29:02,73100,,94241 
2014,4,11:29:03,73200,,94241 
2014,4,11:29:04,73200,,94241 
2014,4,11:29:05,73200,,94241 
2014,4,11:29:06,73200,,94241 
2014,4,11:29:07,73200,,94241 
2014,4,11:29:08,73200,,94241 
2014,4,11:29:09,73200,,94241 
2014,4,11:29:10,73200,,94241 
2014,4,11:29:12,73200,,94241 
2014,4,11:29:13,73200,,94241 
2014,4,11:29:14,73200,,94241 
2014,4,11:29:15,73200,,94241 
2014,4,11:29:16,73200,,94241 
2014,4,11:29:18,73200,,94241 
2014,4,11:29:19,73200,,94241 
2014,4,11:29:20,73200,,94241 
2014,4,11:29:21,73200,,94241 
2014,4,11:29:23,73200,,94241 
2014,4,11:29:24,73200,,94241 
2014,4,11:29:25,73200,,94241 
2014,4,11:29:26,73200,,94241 
2014,4,11:29:28,73300,,94241 
2014,4,11:29:29,73300,,94241 
2014,4,11:29:30,73300,,94241 
2014,4,11:29:31,73400,,94241 
2014,4,11:29:32,73400,,94241 
2014,4,11:29:33,73500,,94241 
2014,4,11:29:34,73500,,94241 
2014,4,11:29:36,73500,,94241 
2014,4,11:29:37,73500,,94241 
2014,4,11:29:38,73500,,94241 
2014,4,11:29:39,73500,,94241 
2014,4,11:29:42,73500,,94241 
2014,4,11:29:44,73700,,94241 
2014,4,11:29:46,73800,,94241 
2014,4,11:29:47,73800,,94241 
2014,4,11:29:48,73800,,94241 
2014,4,11:29:49,73800,,94241 
2014,4,11:29:50,73800,,94241 
2014,4,11:29:51,73800,,94241 
2014,4,11:29:52,73800,,94241 
2014,4,11:29:53,73800,,94241 
2014,4,11:29:54,73800,,94241 
2014,4,11:29:56,74000,,94241 
2014,4,11:29:57,74000,,94241 
2014,4,11:29:59,74000,,94241 
2014,5,11:29:00,73200,,114121 
2014,5,11:29:01,73300,,114121 
2014,5,11:29:02,73300,,114121 
2014,5,11:29:03,73300,,114121 
2014,5,11:29:04,73300,,114121 
2014,5,11:29:05,73400,,114121 
2014,5,11:29:06,73400,,114121 
2014,5,11:29:07,73400,,114121 
2014,5,11:29:08,73500,,114121 
2014,5,11:29:09,73500,,114121 
2014,5,11:29:10,73500,,114121 
2014,5,11:29:11,73500,,114121 
2014,5,11:29:12,73500,,114121 
2014,5,11:29:13,73500,,114121 
2014,5,11:29:14,73500,,114121 
2014,5,11:29:15,73500,,114121 
2014,5,11:29:16,73500,,114121 
2014,5,11:29:17,73500,,114121 
2014,5,11:29:18,73500,,114121 
2014,5,11:29:19,73500,,114121 
2014,5,11:29:20,73500,,114121 
2014,5,11:29:21,73500,,114121 
2014,5,11:29:22,73500,,114121 
2014,5,11:29:23,73500,,114121 
2014,5,11:29:24,73500,,114121 
2014,5,11:29:25,73500,,114121 
2014,5,11:29:26,73500,,114121 
2014,5,11:29:27,73600,,114121 
2014,5,11:29:28,73600,,114121 
2014,5,11:29:29,73600,,114121 
2014,5,11:29:30,73600,,114121 
2014,5,11:29:31,73600,,114121 
2014,5,11:29:32,73700,,114121 
2014,5,11:29:33,73700,,114121 
2014,5,11:29:34,73800,,114121 
2014,5,11:29:35,73800,,114121 
2014,5,11:29:36,73800,,114121 
2014,5,11:29:37,73800,,114121 
2014,5,11:29:38,73800,,114121 
2014,5,11:29:39,73800,,114121 
2014,5,11:29:40,73800,,114121 
2014,5,11:29:41,73900,,114121 
2014,5,11:29:42,74000,,114121 
2014,5,11:29:43,74100,,114121 
2014,5,11:29:44,74100,,114121 
2014,5,11:29:45,74100,,114121 
2014,5,11:29:46,74100,,114121 
2014,5,11:29:47,74100,,114121 
2014,5,11:29:48,74100,,114121 
2014,5,11:29:49,74200,,114121 
2014,5,11:29:50,74200,,114121 
2014,5,11:29:51,74200,,114121 
2014,5,11:29:52,74300,,114121 
2014,5,11:29:53,74300,,114121 
2014,5,11:29:54,74400,,114121 
2014,5,11:29:55,74400,,114121 
2014,5,11:29:56,74400,,114121 
2014,5,11:29:57,74400,,114121 
2014,5,11:29:58,74400,,114121 
2014,5,11:29:59,74400,,114121 
2014,6,11:29:00,73200,,135677 
2014,6,11:29:01,73200,,135677 
2014,6,11:29:02,73200,,135677 
2014,6,11:29:03,73200,,135677 
2014,6,11:29:04,73200,,135677 
2014,6,11:29:05,73200,,135677 
2014,6,11:29:06,73200,,135677 
2014,6,11:29:07,73200,,135677 
2014,6,11:29:08,73200,,135677 
2014,6,11:29:09,73200,,135677 
2014,6,11:29:10,73200,,135677 
2014,6,11:29:11,73200,,135677 
2014,6,11:29:12,73200,,135677 
2014,6,11:29:13,73200,,135677 
2014,6,11:29:14,73200,,135677 
2014,6,11:29:15,73200,,135677 
2014,6,11:29:16,73200,,135677 
2014,6,11:29:17,73200,,135677 
2014,6,11:29:18,73200,,135677 
2014,6,11:29:19,73200,,135677 
2014,6,11:29:20,73400,,135677 
2014,6,11:29:21,73500,,135677 
2014,6,11:29:22,73500,,135677 
2014,6,11:29:23,73500,,135677 
2014,6,11:29:24,73500,,135677 
2014,6,11:29:25,73500,,135677 
2014,6,11:29:26,73500,,135677 
2014,6,11:29:27,73500,,135677 
2014,6,11:29:28,73500,,135677 
2014,6,11:29:29,73500,,135677 
2014,6,11:29:30,73500,,135677 
2014,6,11:29:31,73500,,135677 
2014,6,11:29:32,73500,,135677 
2014,6,11:29:33,73500,,135677 
2014,6,11:29:34,73500,,135677 
2014,6,11:29:35,73500,,135677 
2014,6,11:29:36,73500,,135677 
2014,6,11:29:37,73500,,135677 
2014,6,11:29:38,73500,,135677 
2014,6,11:29:39,73500,,135677 
2014,6,11:29:40,73500,,135677 
2014,6,11:29:41,73500,,135677 
2014,6,11:29:42,73500,,135677 
2014,6,11:29:43,73500,,135677 
2014,6,11:29:44,73500,,135677 
2014,6,11:29:45,73500,,135677 
2014,6,11:29:46,73500,,135677 
2014,6,11:29:47,73500,,135677 
2014,6,11:29:48,73500,,135677 
2014,6,11:29:49,73500,,135677 
2014,6,11:29:50,73600,,135677 
2014,6,11:29:51,73600,,135677 
2014,6,11:29:52,73700,,135677 
2014,6,11:29:53,73800,,135677 
2014,6,11:29:54,73800,,135677 
2014,6,11:29:55,73800,,135677 
2014,6,11:29:56,73800,,135677 
2014,6,11:29:57,73800,,135677 
2014,6,11:29:58,73800,,135677 
2014,6,11:29:59,73800,,135677 
2014,7,11:29:00,73300,,
2014,7,11:29:01,73300,,
2014,7,11:29:02,73400,,
2014,7,11:29:03,73400,,
2014,7,11:29:04,73400,,
2014,7,11:29:05,73500,,
2014,7,11:29:06,73500,,
2014,7,11:29:07,73500,,
2014,7,11:29:08,73500,,
2014,7,11:29:09,73500,,
2014,7,11:29:10,73500,,
2014,7,11:29:11,73500,,
2014,7,11:29:12,73500,,
2014,7,11:29:13,73500,,
2014,7,11:29:14,73500,,
2014,7,11:29:15,73600,,
2014,7,11:29:16,73600,,
2014,7,11:29:17,73600,,
2014,7,11:29:18,73700,,
2014,7,11:29:19,73700,,
2014,7,11:29:20,73800,,
2014,7,11:29:21,73800,,
2014,7,11:29:22,73800,,
2014,7,11:29:23,73800,,
2014,7,11:29:24,73800,,
2014,7,11:29:25,73900,,
2014,7,11:29:26,73900,,
2014,7,11:29:27,73900,,
2014,7,11:29:28,73900,,
2014,7,11:29:29,74000,,
2014,7,11:29:30,74000,,
2014,7,11:29:31,74100,,
2014,7,11:29:32,74100,,
2014,7,11:29:33,74100,,
2014,7,11:29:34,74100,,
2014,7,11:29:35,74100,,
2014,7,11:29:36,74100,,
2014,7,11:29:37,74100,,
2014,7,11:29:38,74200,,
2014,7,11:29:39,74200,,
2014,7,11:29:40,74200,,
2014,7,11:29:41,74200,,
2014,7,11:29:42,74200,,
2014,7,11:29:43,74200,,
2014,7,11:29:44,74300,,
2014,7,11:29:45,74300,,
2014,7,11:29:46,74300,,
2014,7,11:29:47,74300,,
2014,7,12:29:48,74300,,
2014,7,11:29:49,74400,,
2014,7,11:29:50,74400,,
2014,7,11:29:51,74400,,
2014,7,11:29:52,74400,,
2014,7,11:29:53,74400,,
2014,7,11:29:54,74400,,
2014,7,11:29:55,74500,,
2014,7,11:29:56,74500,,
2014,7,11:29:57,74500,,
2014,7,11:29:58,74500,,
2014,7,11:29:59,74500,,
2014,8,11:29:00,72900,,
2014,8,11:29:01,72900,,
2014,8,11:29:02,72900,,
2014,8,11:29:03,72900,,
2014,8,11:29:04,72900,,
2014,8,11:29:05,72900,,
2014,8,11:29:06,72900,,
2014,8,11:29:07,72900,,
2014,8,11:29:08,72900,,
2014,8,11:29:09,72900,,
2014,8,11:29:10,72900,,
2014,8,11:29:11,72900,,
2014,8,11:29:12,73000,,
2014,8,11:29:13,73000,,
2014,8,11:29:14,73100,,
2014,8,11:29:15,73100,,
2014,8,11:29:16,73200,,
2014,8,11:29:17,73200,,
2014,8,11:29:18,73200,,
2014,8,11:29:19,73200,,
2014,8,11:29:20,73200,,
2014,8,11:29:21,73200,,
2014,8,11:29:22,73200,,
2014,8,11:29:23,73200,,
2014,8,11:29:24,73200,,
2014,8,11:29:25,73200,,
2014,8,11:29:26,73200,,
2014,8,12:29:27,73200,,
2014,8,11:29:28,73200,,
2014,8,11:29:29,73200,,
2014,8,11:29:30,73200,,
2014,8,11:29:31,73200,,
2014,8,11:29:32,73200,,
2014,8,11:29:33,73200,,
2014,8,11:29:34,73200,,
2014,8,11:29:35,73200,,
2014,8,11:29:36,73200,,
2014,8,11:29:37,73200,,
2014,8,11:29:38,73200,,
2014,8,11:29:39,73200,,
2014,8,11:29:40,73200,,
2014,8,11:29:41,73200,,
2014,8,11:29:42,73200,,
2014,8,11:29:43,73300,,
2014,8,11:29:44,73300,,
2014,8,11:29:45,73400,,
2014,8,11:29:46,73400,,
2014,8,11:29:47,73500,,
2014,8,11:29:48,73500,,
2014,8,11:29:49,73500,,
2014,8,11:29:50,73500,,
2014,8,11:29:51,73500,,
2014,8,11:29:52,73500,,
2014,8,11:29:53,73500,,
2014,8,11:29:54,73500,,
2014,8,11:29:55,73500,,
2014,8,11:29:56,73500,,
2014,8,11:29:57,73500,,
2014,8,11:29:58,73600,,
2014,8,11:29:59,73600,,
2014,9,11:29:00,72900,,
2014,9,11:29:01,72900,,
2014,9,11:29:02,72900,,
2014,9,11:29:03,72900,,
2014,9,11:29:04,72900,,
2014,9,11:29:05,73000,,
2014,9,11:29:06,73000,,
2014,9,11:29:07,73000,,
2014,9,11:29:08,73100,,
2014,9,11:29:09,73100,,
2014,9,11:29:10,73200,,
2014,9,11:29:11,73200,,
2014,9,11:29:12,73200,,
2014,9,11:29:13,73200,,
2014,9,11:29:14,73200,,
2014,9,11:29:15,73200,,
2014,9,11:29:16,73200,,
2014,9,11:29:17,73200,,
2014,9,11:29:18,73200,,
2014,9,11:29:19,73200,,
2014,9,11:29:20,73200,,
2014,9,11:29:21,73200,,
2014,9,11:29:22,73200,,
2014,9,11:29:23,73200,,
2014,9,11:29:24,73200,,
2014,9,11:29:25,73200,,
2014,9,11:29:26,73200,,
2014,9,11:29:27,73200,,
2014,9,12:29:28,73200,,
2014,9,11:29:29,73200,,
2014,9,11:29:30,73200,,
2014,9,11:29:31,73200,,
2014,9,11:29:32,73200,,
2014,9,11:29:33,73200,,
2014,9,11:29:34,73200,,
2014,9,11:29:35,73200,,
2014,9,11:29:36,73200,,
2014,9,11:29:37,73300,,
2014,9,11:29:38,73300,,
2014,9,11:29:39,73300,,
2014,9,11:29:40,73300,,
2014,9,11:29:41,73400,,
2014,9,11:29:42,73400,,
2014,9,11:29:43,73400,,
2014,9,11:29:44,73500,,
2014,9,11:29:45,73500,,
2014,9,11:29:46,73500,,
2014,9,11:29:47,73500,,
2014,9,11:29:48,73500,,
2014,9,11:29:49,73500,,
2014,9,11:29:50,73500,,
2014,9,11:29:51,73500,,
2014,9,11:29:52,73500,,
2014,9,11:29:53,73500,,
2014,9,11:29:54,73600,,
2014,9,11:29:55,73700,,
2014,9,11:29:56,73700,,
2014,9,11:29:57,73800,,
2014,9,11:29:58,73800,,
2014,9,11:29:59,73800,,
2014,10,11:29:00,72900,,
2014,10,11:29:01,72900,,
2014,10,11:29:02,72900,,
2014,10,11:29:03,72900,,
2014,10,11:29:04,72900,,
2014,10,11:29:05,72900,,
2014,10,11:29:06,72900,,
2014,10,11:29:07,72900,,
2014,10,11:29:08,72900,,
2014,10,11:29:09,72900,,
2014,10,11:29:10,72900,,
2014,10,11:29:11,72900,,
2014,10,11:29:12,72900,,
2014,10,11:29:13,72900,,
2014,10,11:29:14,72900,,
2014,10,11:29:15,72900,,
2014,10,11:29:16,72900,,
2014,10,11:29:17,73000,,
2014,10,11:29:18,73000,,
2014,10,11:29:19,73100,,
2014,10,11:29:20,73100,,
2014,10,11:29:21,73200,,
2014,10,11:29:22,73200,,
2014,10,11:29:23,73200,,
2014,10,11:29:24,73200,,
2014,10,11:29:25,73200,,
2014,10,11:29:26,73200,,
2014,10,11:29:27,73200,,
2014,10,11:29:28,73200,,
2014,10,11:29:29,73200,,
2014,10,11:29:30,73200,,
2014,10,11:29:31,73200,,
2014,10,11:29:32,73200,,
2014,10,11:29:33,73200,,
2014,10,11:29:34,73200,,
2014,10,11:29:35,73200,,
2014,10,11:29:36,73200,,
2014,10,11:29:37,73300,,
2014,10,11:29:38,73300,,
2014,10,11:29:39,73400,,
2014,10,11:29:40,73500,,
2014,10,11:29:41,73500,,
2014,10,11:29:42,73500,,
2014,10,11:29:43,73500,,
2014,10,11:29:44,73500,,
2014,10,11:29:45,73600,,
2014,10,11:29:46,73600,,
2014,10,11:29:47,73600,,
2014,10,11:29:48,73700,,
2014,10,11:29:49,73800,,
2014,10,11:29:50,73800,,
2014,10,11:29:51,73800,,
2014,10,11:29:52,73800,,
2014,10,11:29:53,73800,,
2014,10,11:29:54,73800,,
2014,10,11:29:55,73800,,
2014,10,11:29:56,73900,,
2014,10,11:29:57,73900,,
2014,10,11:29:58,73900,,
2014,10,11:29:59,73900,,
2014,11,11:29:00,72900,,
2014,11,11:29:01,72900,,
2014,11,11:29:02,72900,,
2014,11,11:29:03,72900,,
2014,11,11:29:04,72900,,
2014,11,11:29:05,72900,,
2014,11,11:29:06,72900,,
2014,11,11:29:07,72900,,
2014,11,11:29:08,72900,,
2014,11,11:29:09,72900,,
2014,11,11:29:10,72900,,
2014,11,11:29:11,72900,,
2014,11,11:29:12,72900,,
2014,11,11:29:13,72900,,
2014,11,11:29:14,72900,,
2014,11,11:29:15,72900,,
2014,11,11:29:16,72900,,
2014,11,11:29:17,72900,,
2014,11,11:29:18,72900,,
2014,11,11:29:19,72900,,
2014,11,11:29:20,72900,,
2014,11,11:29:21,72900,,
2014,11,11:29:22,72900,,
2014,11,11:29:23,72900,,
2014,11,11:29:24,72900,,
2014,11,11:29:25,72900,,
2014,11,11:29:26,72900,,
2014,11,11:29:27,72900,,
2014,11,11:29:28,72900,,
2014,11,11:29:29,72900,,
2014,11,11:29:30,72900,,
2014,11,11:29:31,72900,,
2014,11,11:29:32,72900,,
2014,11,11:29:33,72900,,
2014,11,11:29:34,72900,,
2014,11,11:29:35,72900,,
2014,11,11:29:36,72900,,
2014,11,11:29:37,72900,,
2014,11,11:29:38,72900,,
2014,11,11:29:39,72900,,
2014,11,11:29:40,72900,,
2014,11,11:29:41,72900,,
2014,11,11:29:42,72900,,
2014,11,11:29:43,72900,,
2014,11,11:29:44,72900,,
2014,11,11:29:45,72900,,
2014,11,11:29:46,73100,,
2014,11,11:29:47,73200,,
2014,11,11:29:48,73200,,
2014,11,11:29:49,73200,,
2014,11,11:29:50,73200,,
2014,11,11:29:51,73200,,
2014,11,11:29:52,73300,,
2014,11,11:29:53,73300,,
2014,11,11:29:54,73400,,
2014,11,11:29:55,73400,,
2014,11,11:29:56,73500,,
2014,11,11:29:57,73500,,
2014,11,11:29:58,73500,,
2014,11,11:29:59,73500,,
2014,12,11:29:00,72900,,
2014,12,11:29:01,72900,,
2014,12,11:29:02,72900,,
2014,12,11:29:03,72900,,
2014,12,11:29:04,72900,,
2014,12,11:29:05,72900,,
2014,12,11:29:06,72900,,
2014,12,11:29:07,72900,,
2014,12,11:29:08,72900,,
2014,12,11:29:09,72900,,
2014,12,11:29:10,72900,,
2014,12,11:29:11,72900,,
2014,12,11:29:12,72900,,
2014,12,11:29:13,72900,,
2014,12,11:29:14,72900,,
2014,12,11:29:15,72900,,
2014,12,11:29:16,72900,,
2014,12,11:29:17,72900,,
2014,12,11:29:18,72900,,
2014,12,11:29:19,72900,,
2014,12,11:29:20,72900,,
2014,12,11:29:21,72900,,
2014,12,11:29:22,72900,,
2014,12,11:29:23,72900,,
2014,12,11:29:24,72900,,
2014,12,11:29:25,72900,,
2014,12,11:29:26,72900,,
2014,12,11:29:27,72900,,
2014,12,11:29:28,72900,,
2014,12,11:29:29,72900,,
2014,12,11:29:30,72900,,
2014,12,11:29:31,72900,,
2014,12,11:29:32,72900,,
2014,12,11:29:33,72900,,
2014,12,11:29:34,72900,,
2014,12,11:29:35,72900,,
2014,12,11:29:36,72900,,
2014,12,11:29:37,72900,,
2014,12,11:29:38,72900,,
2014,12,11:29:39,72900,,
2014,12,11:29:40,72900,,
2014,12,11:29:41,72900,,
2014,12,11:29:42,72900,,
2014,12,11:29:43,73000,,
2014,12,11:29:44,73100,,
2014,12,11:29:45,73100,,
2014,12,11:29:46,73200,,
2014,12,11:29:47,73200,,
2014,12,11:29:48,73200,,
2014,12,11:29:49,73200,,
2014,12,11:29:50,73200,,
2014,12,11:29:51,73200,,
2014,12,11:29:52,73300,,
2014,12,11:29:53,73400,,
2014,12,11:29:54,73500,,
2014,12,11:29:55,73500,,
2014,12,11:29:56,73500,,
2014,12,11:29:57,73500,,
2014,12,11:29:58,73500,,
2014,12,11:29:59,73600,,
2015,1,11:25:00,73700,,
2015,1,11:25:01,73700,,
2015,1,11:25:02,73700,,
2015,1,11:25:03,73700,,
2015,1,11:25:04,73700,,
2015,1,11:25:05,73700,,
2015,1,11:25:06,73700,,
2015,1,11:25:07,73700,,
2015,1,11:25:08,73700,,
2015,1,11:25:09,73700,,
2015,1,11:25:10,73700,,
2015,1,11:25:11,73700,,
2015,1,11:25:12,73700,,
2015,1,11:25:13,73700,,
2015,1,11:25:14,73700,,
2015,1,11:25:15,73700,,
2015,1,11:25:16,73700,,
2015,1,11:25:17,73700,,
2015,1,11:25:18,73700,,
2015,1,11:25:19,73700,,
2015,1,11:25:20,73700,,
2015,1,11:25:21,73700,,
2015,1,11:25:22,73700,,
2015,1,11:25:23,73700,,
2015,1,11:25:24,73700,,
2015,1,11:25:25,73700,,
2015,1,11:25:26,73700,,
2015,1,11:25:27,73700,,
2015,1,11:25:28,73700,,
2015,1,11:25:29,73700,,
2015,1,11:25:30,73700,,
2015,1,11:25:31,73700,,
2015,1,11:25:32,73700,,
2015,1,11:25:33,73700,,
2015,1,11:25:34,73700,,
2015,1,11:25:35,73700,,
2015,1,11:25:36,73700,,
2015,1,11:25:37,73700,,
2015,1,11:25:38,73700,,
2015,1,11:25:39,73700,,
2015,1,11:25:40,73700,,
2015,1,11:25:41,73700,,
2015,1,11:25:42,73700,,
2015,1,11:25:43,73700,,
2015,1,11:25:44,73700,,
2015,1,11:25:45,73700,,
2015,1,11:25:46,73700,,
2015,1,11:25:47,73700,,
2015,1,11:25:48,73700,,
2015,1,11:25:49,73700,,
2015,1,11:25:50,73700,,
2015,1,11:25:51,73700,,
2015,1,11:25:52,73700,,
2015,1,11:25:53,73700,,
2015,1,11:25:54,73700,,
2015,1,11:25:55,73700,,
2015,1,11:25:56,73700,,
2015,1,11:25:57,73700,,
2015,1,11:25:58,73700,,
2015,1,11:25:59,73700,,
2015,1,11:26:00,73700,,
2015,1,11:26:01,73700,,
2015,1,11:26:02,73700,,
2015,1,11:26:03,73700,,
2015,1,11:26:04,73700,,
2015,1,11:26:05,73700,,
2015,1,11:26:06,73700,,
2015,1,11:26:07,73700,,
2015,1,11:26:08,73700,,
2015,1,11:26:09,73700,,
2015,1,11:26:10,73700,,
2015,1,11:26:11,73700,,
2015,1,11:26:12,73700,,
2015,1,11:26:13,73700,,
2015,1,11:26:14,73700,,
2015,1,11:26:15,73700,,
2015,1,11:26:16,73700,,
2015,1,11:26:17,73700,,
2015,1,11:26:18,73700,,
2015,1,11:26:19,73700,,
2015,1,11:26:20,73700,,
2015,1,11:26:21,73700,,
2015,1,11:26:22,73700,,
2015,1,11:26:23,73700,,
2015,1,11:26:24,73700,,
2015,1,11:26:25,73700,,
2015,1,11:26:26,73700,,
2015,1,11:26:27,73700,,
2015,1,11:26:28,73700,,
2015,1,11:26:29,73700,,
2015,1,11:26:30,73700,,
2015,1,11:26:31,73700,,
2015,1,11:26:32,73700,,
2015,1,11:26:33,73700,,
2015,1,11:26:34,73700,,
2015,1,11:26:35,73700,,
2015,1,11:26:36,73700,,
2015,1,11:26:37,73700,,
2015,1,11:26:38,73700,,
2015,1,11:26:39,73700,,
2015,1,11:26:40,73700,,
2015,1,11:26:41,73700,,
2015,1,11:26:42,73700,,
2015,1,11:26:43,73700,,
2015,1,11:26:44,73700,,
2015,1,11:26:45,73700,,
2015,1,11:26:46,73700,,
2015,1,11:26:47,73700,,
2015,1,11:26:48,73700,,
2015,1,11:26:49,73700,,
2015,1,11:26:50,73700,,
2015,1,11:26:51,73700,,
2015,1,11:26:52,73700,,
2015,1,11:26:53,73700,,
2015,1,11:26:54,73700,,
2015,1,11:26:55,73700,,
2015,1,11:26:56,73700,,
2015,1,11:26:57,73700,,
2015,1,11:26:58,73700,,
2015,1,11:26:59,73700,,
2015,1,11:27:00,73700,,
2015,1,11:27:01,73700,,
2015,1,11:27:02,73700,,
2015,1,11:27:03,73700,,
2015,1,11:27:04,73700,,
2015,1,11:27:05,73700,,
2015,1,11:27:06,73700,,
2015,1,11:27:07,73700,,
2015,1,11:27:08,73700,,
2015,1,11:27:09,73700,,
2015,1,11:27:10,73700,,
2015,1,11:27:11,73700,,
2015,1,11:27:12,73700,,
2015,1,11:27:13,73700,,
2015,1,11:27:14,73700,,
2015,1,11:27:15,73700,,
2015,1,11:27:16,73700,,
2015,1,11:27:17,73700,,
2015,1,11:27:18,73700,,
2015,1,11:27:19,73700,,
2015,1,11:27:20,73700,,
2015,1,11:27:21,73700,,
2015,1,11:27:22,73700,,
2015,1,11:27:23,73700,,
2015,1,11:27:24,73700,,
2015,1,11:27:25,73700,,
2015,1,11:27:26,73700,,
2015,1,11:27:27,73700,,
2015,1,11:27:28,73700,,
2015,1,11:27:29,73700,,
2015,1,11:27:30,73700,,
2015,1,11:27:31,73700,,
2015,1,11:27:32,73700,,
2015,1,11:27:33,73700,,
2015,1,11:27:34,73700,,
2015,1,11:27:35,73700,,
2015,1,11:27:36,73700,,
2015,1,11:27:37,73700,,
2015,1,11:27:38,73700,,
2015,1,11:27:39,73700,,
2015,1,11:27:40,73700,,
2015,1,11:27:41,73700,,
2015,1,11:27:42,73700,,
2015,1,11:27:43,73700,,
2015,1,11:27:44,73700,,
2015,1,11:27:45,73700,,
2015,1,11:27:46,73700,,
2015,1,11:27:47,73700,,
2015,1,11:27:48,73700,,
2015,1,11:27:49,73700,,
2015,1,11:27:50,73700,,
2015,1,11:27:51,73700,,
2015,1,11:27:52,73700,,
2015,1,11:27:53,73700,,
2015,1,11:27:54,73700,,
2015,1,11:27:55,73700,,
2015,1,11:27:56,73700,,
2015,1,11:27:57,73700,,
2015,1,11:27:58,73700,,
2015,1,11:27:59,73700,,
2015,1,11:28:00,73700,,
2015,1,11:28:01,73700,,
2015,1,11:28:02,73700,,
2015,1,11:28:03,73700,,
2015,1,11:28:04,73700,,
2015,1,11:28:05,73700,,
2015,1,11:28:06,73700,,
2015,1,11:28:07,73700,,
2015,1,11:28:08,73700,,
2015,1,11:28:09,73700,,
2015,1,11:28:10,73800,,
2015,1,11:28:11,73800,,
2015,1,11:28:12,73800,,
2015,1,11:28:13,73800,,
2015,1,11:28:14,73800,,
2015,1,11:28:15,73800,,
2015,1,11:28:16,73800,,
2015,1,11:28:17,73800,,
2015,1,11:28:18,73800,,
2015,1,11:28:19,73800,,
2015,1,11:28:20,73800,,
2015,1,11:28:21,73800,,
2015,1,11:28:22,73800,,
2015,1,11:28:23,73800,,
2015,1,11:28:24,73900,,
2015,1,11:28:25,73900,,
2015,1,11:28:26,73900,,
2015,1,11:28:27,73900,,
2015,1,11:28:28,73900,,
2015,1,11:28:29,73900,,
2015,1,11:28:30,73900,,
2015,1,11:28:31,73900,,
2015,1,11:28:32,73900,,
2015,1,11:28:33,73900,,
2015,1,11:28:34,73900,,
2015,1,11:28:35,74000,,
2015,1,11:28:36,74000,,
2015,1,11:28:37,74000,,
2015,1,11:28:38,74000,,
2015,1,11:28:39,74000,,
2015,1,11:28:40,74000,,
2015,1,11:28:41,74000,,
2015,1,11:28:42,74000,,
2015,1,11:28:43,74000,,
2015,1,11:28:44,74000,,
2015,1,11:28:45,74000,,
2015,1,11:28:46,74000,,
2015,1,11:28:47,74000,,
2015,1,11:28:48,74000,,
2015,1,11:28:49,74000,,
2015,1,11:28:50,74000,,
2015,1,11:28:51,74000,,
2015,1,11:28:52,74000,,
2015,1,11:28:53,74000,,
2015,1,11:28:54,74000,,
2015,1,11:28:55,74000,,
2015,1,11:28:56,74000,,
2015,1,11:28:57,74000,,
2015,1,11:28:58,74000,,
2015,1,11:28:59,74000,,
2015,1,11:29:00,74000,,
2015,1,11:29:01,74000,,
2015,1,11:29:02,74000,,
2015,1,11:29:03,74000,,
2015,1,11:29:04,74000,,
2015,1,11:29:05,74000,,
2015,1,11:29:06,74000,,
2015,1,11:29:07,74000,,
2015,1,11:29:08,74000,,
2015,1,11:29:09,74000,,
2015,1,11:29:10,74000,,
2015,1,11:29:11,74000,,
2015,1,11:29:12,74000,,
2015,1,11:29:13,74000,,
2015,1,11:29:14,74000,,
2015,1,11:29:15,74000,,
2015,1,11:29:16,74000,,
2015,1,11:29:17,74000,,
2015,1,11:29:18,74000,,
2015,1,11:29:19,74000,,
2015,1,11:29:20,74000,,
2015,1,11:29:21,74000,,
2015,1,11:29:22,74000,,
2015,1,11:29:23,74000,,
2015,1,11:29:24,74000,,
2015,1,11:29:25,74000,,
2015,1,11:29:26,74000,,
2015,1,11:29:27,74000,,
2015,1,11:29:28,74000,,
2015,1,11:29:29,74000,,
2015,1,11:29:30,74000,,
2015,1,11:29:31,74000,,
2015,1,11:29:32,74000,,
2015,1,11:29:33,74000,,
2015,1,11:29:34,74000,,
2015,1,11:29:35,74000,,
2015,1,11:29:36,74000,,
2015,1,11:29:37,74000,,
2015,1,11:29:38,74000,,
2015,1,11:29:39,74000,,
2015,1,11:29:40,74000,,
2015,1,11:29:41,74000,,
2015,1,11:29:42,74000,,
2015,1,11:29:43,74000,,
2015,1,11:29:44,74000,,
2015,1,11:29:45,74000,,
2015,1,11:29:46,74000,,
2015,1,11:29:47,74000,,
2015,1,11:29:48,74000,,
2015,1,11:29:49,74000,,
2015,1,11:29:50,74000,,
2015,1,11:29:51,74000,,
2015,1,11:29:52,74000,,
2015,1,11:29:53,74000,,
2015,1,11:29:54,74000,,
2015,1,11:29:55,74000,,
2015,1,11:29:56,74000,,
2015,1,11:29:57,74000,,
2015,1,11:29:58,74000,,
2015,1,11:29:59,74000,,
2015,1,11:30:00,74000,,
2015,2,11:25:00,74900,,
2015,2,11:25:01,74900,,
2015,2,11:25:02,74900,,
2015,2,11:25:03,74900,,
2015,2,11:25:04,74900,,
2015,2,11:25:05,74900,,
2015,2,11:25:06,74900,,
2015,2,11:25:07,74900,,
2015,2,11:25:08,74900,,
2015,2,11:25:09,74900,,
2015,2,11:25:10,74900,,
2015,2,11:25:11,74900,,
2015,2,11:25:12,74900,,
2015,2,11:25:13,74900,,
2015,2,11:25:14,74900,,
2015,2,11:25:15,74900,,
2015,2,11:25:16,74900,,
2015,2,11:25:17,74900,,
2015,2,11:25:18,74900,,
2015,2,11:25:19,74900,,
2015,2,11:25:20,74900,,
2015,2,11:25:21,74900,,
2015,2,11:25:22,74900,,
2015,2,11:25:23,74900,,
2015,2,11:25:24,74900,,
2015,2,11:25:25,74900,,
2015,2,11:25:26,74900,,
2015,2,11:25:27,74900,,
2015,2,11:25:28,74900,,
2015,2,11:25:29,74900,,
2015,2,11:25:30,74900,,
2015,2,11:25:31,74900,,
2015,2,11:25:32,74900,,
2015,2,11:25:33,74900,,
2015,2,11:25:34,74900,,
2015,2,11:25:35,74900,,
2015,2,11:25:36,74900,,
2015,2,11:25:37,74900,,
2015,2,11:25:38,74900,,
2015,2,11:25:39,74900,,
2015,2,11:25:40,75000,,
2015,2,11:25:41,75000,,
2015,2,11:25:42,75000,,
2015,2,11:25:43,75000,,
2015,2,11:25:44,75000,,
2015,2,11:25:45,75000,,
2015,2,11:25:46,75000,,
2015,2,11:25:47,75000,,
2015,2,11:25:48,75000,,
2015,2,11:25:49,75100,,
2015,2,11:25:50,75100,,
2015,2,11:25:51,75100,,
2015,2,11:25:52,75100,,
2015,2,11:25:53,75100,,
2015,2,11:25:54,75200,,
2015,2,11:25:55,75200,,
2015,2,11:25:56,75200,,
2015,2,11:25:57,75200,,
2015,2,11:25:58,75200,,
2015,2,11:25:59,75200,,
2015,2,11:26:00,75200,,
2015,2,11:26:01,75200,,
2015,2,11:26:02,75200,,
2015,2,11:26:03,75200,,
2015,2,11:26:04,75200,,
2015,2,11:26:05,75200,,
2015,2,11:26:06,75200,,
2015,2,11:26:07,75200,,
2015,2,11:26:08,75200,,
2015,2,11:26:09,75200,,
2015,2,11:26:10,75200,,
2015,2,11:26:11,75200,,
2015,2,11:26:12,75200,,
2015,2,11:26:13,75200,,
2015,2,11:26:14,75200,,
2015,2,11:26:15,75200,,
2015,2,11:26:16,75200,,
2015,2,11:26:17,75200,,
2015,2,11:26:18,75200,,
2015,2,11:26:19,75200,,
2015,2,11:26:20,75200,,
2015,2,11:26:21,75200,,
2015,2,11:26:22,75200,,
2015,2,11:26:23,75200,,
2015,2,11:26:24,75200,,
2015,2,11:26:25,75200,,
2015,2,11:26:26,75200,,
2015,2,11:26:27,75200,,
2015,2,11:26:28,75200,,
2015,2,11:26:29,75200,,
2015,2,11:26:30,75200,,
2015,2,11:26:31,75200,,
2015,2,11:26:32,75200,,
2015,2,11:26:33,75200,,
2015,2,11:26:34,75200,,
2015,2,11:26:35,75200,,
2015,2,11:26:36,75200,,
2015,2,11:26:37,75200,,
2015,2,11:26:38,75200,,
2015,2,11:26:39,75200,,
2015,2,11:26:40,75200,,
2015,2,11:26:41,75200,,
2015,2,11:26:42,75200,,
2015,2,11:26:43,75200,,
2015,2,11:26:44,75200,,
2015,2,11:26:45,75200,,
2015,2,11:26:46,75200,,
2015,2,11:26:47,75200,,
2015,2,11:26:48,75200,,
2015,2,11:26:49,75200,,
2015,2,11:26:50,75200,,
2015,2,11:26:51,75200,,
2015,2,11:26:52,75200,,
2015,2,11:26:53,75200,,
2015,2,11:26:54,75200,,
2015,2,11:26:55,75200,,
2015,2,11:26:56,75200,,
2015,2,11:26:57,75200,,
2015,2,11:26:58,75200,,
2015,2,11:26:59,75200,,
2015,2,11:27:00,75200,,
2015,2,11:27:01,75200,,
2015,2,11:27:02,75200,,
2015,2,11:27:03,75200,,
2015,2,11:27:04,75200,,
2015,2,11:27:05,75200,,
2015,2,11:27:06,75200,,
2015,2,11:27:07,75200,,
2015,2,11:27:08,75200,,
2015,2,11:27:09,75200,,
2015,2,11:27:10,75200,,
2015,2,11:27:11,75300,,
2015,2,11:27:12,75300,,
2015,2,11:27:13,75300,,
2015,2,11:27:14,75300,,
2015,2,11:27:15,75300,,
2015,2,11:27:16,75300,,
2015,2,11:27:17,75300,,
2015,2,11:27:18,75300,,
2015,2,11:27:19,75300,,
2015,2,11:27:20,75300,,
2015,2,11:27:21,75300,,
2015,2,11:27:22,75300,,
2015,2,11:27:23,75400,,
2015,2,11:27:24,75400,,
2015,2,11:27:25,75400,,
2015,2,11:27:26,75400,,
2015,2,11:27:27,75400,,
2015,2,11:27:28,75500,,
2015,2,11:27:29,75500,,
2015,2,11:27:30,75500,,
2015,2,11:27:31,75500,,
2015,2,11:27:32,75500,,
2015,2,11:27:33,75500,,
2015,2,11:27:34,75500,,
2015,2,11:27:35,75500,,
2015,2,11:27:36,75500,,
2015,2,11:27:37,75500,,
2015,2,11:27:38,75500,,
2015,2,11:27:39,75500,,
2015,2,11:27:40,75500,,
2015,2,11:27:41,75500,,
2015,2,11:27:42,75500,,
2015,2,11:27:43,75500,,
2015,2,11:27:44,75500,,
2015,2,11:27:45,75500,,
2015,2,11:27:46,75500,,
2015,2,11:27:47,75500,,
2015,2,11:27:48,75500,,
2015,2,11:27:49,75500,,
2015,2,11:27:50,75500,,
2015,2,11:27:51,75500,,
2015,2,11:27:52,75500,,
2015,2,11:27:53,75500,,
2015,2,11:27:54,75500,,
2015,2,11:27:55,75500,,
2015,2,11:27:56,75500,,
2015,2,11:27:57,75500,,
2015,2,11:27:58,75500,,
2015,2,11:27:59,75500,,
2015,2,11:28:00,75500,,
2015,2,11:28:01,75500,,
2015,2,11:28:02,75500,,
2015,2,11:28:03,75500,,
2015,2,11:28:04,75500,,
2015,2,11:28:05,75500,,
2015,2,11:28:06,75500,,
2015,2,11:28:07,75500,,
2015,2,11:28:08,75500,,
2015,2,11:28:09,75500,,
2015,2,11:28:10,75500,,
2015,2,11:28:11,75500,,
2015,2,11:28:12,75500,,
2015,2,11:28:13,75600,,
2015,2,11:28:14,75600,,
2015,2,11:28:15,75600,,
2015,2,11:28:16,75600,,
2015,2,11:28:17,75600,,
2015,2,11:28:18,75600,,
2015,2,11:28:19,75600,,
2015,2,11:28:20,75700,,
2015,2,11:28:21,75700,,
2015,2,11:28:22,75700,,
2015,2,11:28:23,75700,,
2015,2,11:28:24,75800,,
2015,2,11:28:25,75800,,
2015,2,11:28:26,75800,,
2015,2,11:28:27,75800,,
2015,2,11:28:28,75800,,
2015,2,11:28:29,75800,,
2015,2,11:28:30,75800,,
2015,2,11:28:31,75800,,
2015,2,11:28:32,75800,,
2015,2,11:28:33,75800,,
2015,2,11:28:34,75800,,
2015,2,11:28:35,75800,,
2015,2,11:28:36,75800,,
2015,2,11:28:37,75800,,
2015,2,11:28:38,75800,,
2015,2,11:28:39,75800,,
2015,2,11:28:40,75800,,
2015,2,11:28:41,75800,,
2015,2,11:28:42,75800,,
2015,2,11:28:43,75800,,
2015,2,11:28:44,75800,,
2015,2,11:28:45,75800,,
2015,2,11:28:46,75800,,
2015,2,11:28:47,75900,,
2015,2,11:28:48,75900,,
2015,2,11:28:49,75900,,
2015,2,11:28:50,75900,,
2015,2,11:28:51,75900,,
2015,2,11:28:52,75900,,
2015,2,11:28:53,75900,,
2015,2,11:28:54,76000,,
2015,2,11:28:55,76000,,
2015,2,11:28:56,76000,,
2015,2,11:28:57,76000,,
2015,2,11:28:58,76000,,
2015,2,11:28:59,76000,,
2015,2,11:29:00,76000,,
2015,2,11:29:01,76100,,
2015,2,11:29:02,76100,,
2015,2,11:29:03,76100,,
2015,2,11:29:04,76100,,
2015,2,11:29:05,76100,,
2015,2,11:29:06,76100,,
2015,2,11:29:07,76100,,
2015,2,11:29:08,76100,,
2015,2,11:29:09,76100,,
2015,2,11:29:10,76100,,
2015,2,11:29:11,76100,,
2015,2,11:29:12,76100,,
2015,2,11:29:13,76100,,
2015,2,11:29:14,76100,,
2015,2,11:29:15,76100,,
2015,2,11:29:16,76100,,
2015,2,11:29:17,76100,,
2015,2,11:29:18,76100,,
2015,2,11:29:19,76100,,
2015,2,11:29:20,76100,,
2015,2,11:29:21,76100,,
2015,2,11:29:22,76100,,
2015,2,11:29:23,76100,,
2015,2,11:29:24,76100,,
2015,2,11:29:25,76100,,
2015,2,11:29:26,76100,,
2015,2,11:29:27,76100,,
2015,2,11:29:28,76100,,
2015,2,11:29:29,76100,,
2015,2,11:29:30,76100,,
2015,2,11:29:31,76200,,
2015,2,11:29:32,76200,,
2015,2,11:29:33,76200,,
2015,2,11:29:34,76200,,
2015,2,11:29:35,76200,,
2015,2,11:29:36,76200,,
2015,2,11:29:37,76200,,
2015,2,11:29:38,76200,,
2015,2,11:29:39,76200,,
2015,2,11:29:40,76200,,
2015,2,11:29:41,76200,,
2015,2,11:29:42,76200,,
2015,2,11:29:43,76200,,
2015,2,11:29:44,76200,,
2015,2,11:29:45,76200,,
2015,2,11:29:46,76300,,
2015,2,11:29:47,76300,,
2015,2,11:29:48,76300,,
2015,2,11:29:49,76300,,
2015,2,11:29:50,76300,,
2015,2,11:29:51,76300,,
2015,2,11:29:52,76300,,
2015,2,11:29:53,76300,,
2015,2,11:29:54,76400,,
2015,2,11:29:55,76400,,
2015,2,11:29:56,76400,,
2015,2,11:29:57,76400,,
2015,2,11:29:58,76500,,
2015,2,11:29:59,76500,,
2015,2,11:30:00,76500,,
2015,3,11:25:00,74400,,
2015,3,11:25:01,74400,,
2015,3,11:25:02,74400,,
2015,3,11:25:03,74400,,
2015,3,11:25:04,74400,,
2015,3,11:25:05,74400,,
2015,3,11:25:06,74400,,
2015,3,11:25:07,74400,,
2015,3,11:25:08,74400,,
2015,3,11:25:09,74400,,
2015,3,11:25:10,74400,,
2015,3,11:25:11,74400,,
2015,3,11:25:12,74400,,
2015,3,11:25:13,74400,,
2015,3,11:25:14,74400,,
2015,3,11:25:15,74400,,
2015,3,11:25:16,74400,,
2015,3,11:25:17,74400,,
2015,3,11:25:18,74500,,
2015,3,11:25:19,74500,,
2015,3,11:25:20,74500,,
2015,3,11:25:21,74500,,
2015,3,11:25:22,74500,,
2015,3,11:25:23,74500,,
2015,3,11:25:24,74500,,
2015,3,11:25:25,74500,,
2015,3,11:25:26,74500,,
2015,3,11:25:27,74500,,
2015,3,11:25:28,74500,,
2015,3,11:25:29,74500,,
2015,3,11:25:30,74500,,
2015,3,11:25:31,74500,,
2015,3,11:25:32,74500,,
2015,3,11:25:33,74500,,
2015,3,11:25:34,74500,,
2015,3,11:25:35,74500,,
2015,3,11:25:36,74500,,
2015,3,11:25:37,74500,,
2015,3,11:25:38,74500,,
2015,3,11:25:39,74500,,
2015,3,11:25:40,74500,,
2015,3,11:25:41,74500,,
2015,3,11:25:42,74500,,
2015,3,11:25:43,74500,,
2015,3,11:25:44,74500,,
2015,3,11:25:45,74500,,
2015,3,11:25:46,74500,,
2015,3,11:25:47,74500,,
2015,3,11:25:48,74500,,
2015,3,11:25:49,74500,,
2015,3,11:25:50,74500,,
2015,3,11:25:51,74500,,
2015,3,11:25:52,74500,,
2015,3,11:25:53,74500,,
2015,3,11:25:54,74500,,
2015,3,11:25:55,74500,,
2015,3,11:25:56,74500,,
2015,3,11:25:57,74500,,
2015,3,11:25:58,74500,,
2015,3,11:25:59,74500,,
2015,3,11:26:00,74500,,
2015,3,11:26:01,74500,,
2015,3,11:26:02,74500,,
2015,3,11:26:03,74500,,
2015,3,11:26:04,74500,,
2015,3,11:26:05,74500,,
2015,3,11:26:06,74500,,
2015,3,11:26:07,74500,,
2015,3,11:26:08,74500,,
2015,3,11:26:09,74600,,
2015,3,11:26:10,74600,,
2015,3,11:26:11,74600,,
2015,3,11:26:12,74600,,
2015,3,11:26:13,74600,,
2015,3,11:26:14,74600,,
2015,3,11:26:15,74600,,
2015,3,11:26:16,74600,,
2015,3,11:26:17,74600,,
2015,3,11:26:18,74600,,
2015,3,11:26:19,74600,,
2015,3,11:26:20,74600,,
2015,3,11:26:21,74600,,
2015,3,11:26:22,74600,,
2015,3,11:26:23,74600,,
2015,3,11:26:24,74600,,
2015,3,11:26:25,74600,,
2015,3,11:26:26,74600,,
2015,3,11:26:27,74600,,
2015,3,11:26:28,74600,,
2015,3,11:26:29,74600,,
2015,3,11:26:30,74600,,
2015,3,11:26:31,74600,,
2015,3,11:26:32,74600,,
2015,3,11:26:33,74600,,
2015,3,11:26:34,74600,,
2015,3,11:26:35,74600,,
2015,3,11:26:36,74600,,
2015,3,11:26:37,74600,,
2015,3,11:26:38,74600,,
2015,3,11:26:39,74600,,
2015,3,11:26:40,74600,,
2015,3,11:26:41,74600,,
2015,3,11:26:42,74600,,
2015,3,11:26:43,74600,,
2015,3,11:26:44,74600,,
2015,3,11:26:45,74600,,
2015,3,11:26:46,74600,,
2015,3,11:26:47,74600,,
2015,3,11:26:48,74600,,
2015,3,11:26:49,74600,,
2015,3,11:26:50,74600,,
2015,3,11:26:51,74600,,
2015,3,11:26:52,74600,,
2015,3,11:26:53,74600,,
2015,3,11:26:54,74600,,
2015,3,11:26:55,74600,,
2015,3,11:26:56,74600,,
2015,3,11:26:57,74600,,
2015,3,11:26:58,74600,,
2015,3,11:26:59,74600,,
2015,3,11:27:00,74600,,
2015,3,11:27:01,74600,,
2015,3,11:27:02,74600,,
2015,3,11:27:03,74600,,
2015,3,11:27:04,74600,,
2015,3,11:27:05,74600,,
2015,3,11:27:06,74600,,
2015,3,11:27:07,74600,,
2015,3,11:27:08,74600,,
2015,3,11:27:09,74600,,
2015,3,11:27:10,74600,,
2015,3,11:27:11,74600,,
2015,3,11:27:12,74600,,
2015,3,11:27:13,74600,,
2015,3,11:27:14,74600,,
2015,3,11:27:15,74600,,
2015,3,11:27:16,74600,,
2015,3,11:27:17,74600,,
2015,3,11:27:18,74600,,
2015,3,11:27:19,74600,,
2015,3,11:27:20,74600,,
2015,3,11:27:21,74600,,
2015,3,11:27:22,74600,,
2015,3,11:27:23,74600,,
2015,3,11:27:24,74600,,
2015,3,11:27:25,74600,,
2015,3,11:27:26,74600,,
2015,3,11:27:27,74600,,
2015,3,11:27:28,74600,,
2015,3,11:27:29,74600,,
2015,3,11:27:30,74600,,
2015,3,11:27:31,74600,,
2015,3,11:27:32,74600,,
2015,3,11:27:33,74600,,
2015,3,11:27:34,74600,,
2015,3,11:27:35,74600,,
2015,3,11:27:36,74600,,
2015,3,11:27:37,74600,,
2015,3,11:27:38,74600,,
2015,3,11:27:39,74600,,
2015,3,11:27:40,74600,,
2015,3,11:27:41,74600,,
2015,3,11:27:42,74600,,
2015,3,11:27:43,74600,,
2015,3,11:27:44,74600,,
2015,3,11:27:45,74600,,
2015,3,11:27:46,74600,,
2015,3,11:27:47,74600,,
2015,3,11:27:48,74600,,
2015,3,11:27:49,74600,,
2015,3,11:27:50,74600,,
2015,3,11:27:51,74600,,
2015,3,11:27:52,74600,,
2015,3,11:27:53,74600,,
2015,3,11:27:54,74600,,
2015,3,11:27:55,74600,,
2015,3,11:27:56,74600,,
2015,3,11:27:57,74600,,
2015,3,11:27:58,74600,,
2015,3,11:27:59,74600,,
2015,3,11:28:00,74600,,
2015,3,11:28:01,74600,,
2015,3,11:28:02,74600,,
2015,3,11:28:03,74600,,
2015,3,11:28:04,74600,,
2015,3,11:28:05,74600,,
2015,3,11:28:06,74600,,
2015,3,11:28:07,74600,,
2015,3,11:28:08,74600,,
2015,3,11:28:09,74600,,
2015,3,11:28:10,74600,,
2015,3,11:28:11,74600,,
2015,3,11:28:12,74600,,
2015,3,11:28:13,74600,,
2015,3,11:28:14,74600,,
2015,3,11:28:15,74600,,
2015,3,11:28:16,74600,,
2015,3,11:28:17,74600,,
2015,3,11:28:18,74600,,
2015,3,11:28:19,74600,,
2015,3,11:28:20,74600,,
2015,3,11:28:21,74600,,
2015,3,11:28:22,74600,,
2015,3,11:28:23,74600,,
2015,3,11:28:24,74600,,
2015,3,11:28:25,74600,,
2015,3,11:28:26,74600,,
2015,3,11:28:27,74600,,
2015,3,11:28:28,74600,,
2015,3,11:28:29,74600,,
2015,3,11:28:30,74600,,
2015,3,11:28:31,74600,,
2015,3,11:28:32,74600,,
2015,3,11:28:33,74600,,
2015,3,11:28:34,74600,,
2015,3,11:28:35,74600,,
2015,3,11:28:36,74600,,
2015,3,11:28:37,74600,,
2015,3,11:28:38,74600,,
2015,3,11:28:39,74600,,
2015,3,11:28:40,74600,,
2015,3,11:28:41,74600,,
2015,3,11:28:42,74600,,
2015,3,11:28:43,74600,,
2015,3,11:28:44,74600,,
2015,3,11:28:45,74600,,
2015,3,11:28:46,74600,,
2015,3,11:28:47,74600,,
2015,3,11:28:48,74600,,
2015,3,11:28:49,74600,,
2015,3,11:28:50,74600,,
2015,3,11:28:51,74600,,
2015,3,11:28:52,74600,,
2015,3,11:28:53,74600,,
2015,3,11:28:54,74600,,
2015,3,11:28:55,74600,,
2015,3,11:28:56,74600,,
2015,3,11:28:57,74600,,
2015,3,11:28:58,74600,,
2015,3,11:28:59,74600,,
2015,3,11:29:00,74600,,
2015,3,11:29:01,74600,,
2015,3,11:29:02,74600,,
2015,3,11:29:03,74600,,
2015,3,11:29:04,74600,,
2015,3,11:29:05,74600,,
2015,3,11:29:06,74600,,
2015,3,11:29:07,74600,,
2015,3,11:29:08,74600,,
2015,3,11:29:09,74600,,
2015,3,11:29:10,74600,,
2015,3,11:29:11,74600,,
2015,3,11:29:12,74600,,
2015,3,11:29:13,74600,,
2015,3,11:29:14,74600,,
2015,3,11:29:15,74600,,
2015,3,11:29:16,74600,,
2015,3,11:29:17,74600,,
2015,3,11:29:18,74600,,
2015,3,11:29:19,74600,,
2015,3,11:29:20,74600,,
2015,3,11:29:21,74600,,
2015,3,11:29:22,74600,,
2015,3,11:29:23,74600,,
2015,3,11:29:24,74600,,
2015,3,11:29:25,74600,,
2015,3,11:29:26,74600,,
2015,3,11:29:27,74600,,
2015,3,11:29:28,74600,,
2015,3,11:29:29,74600,,
2015,3,11:29:30,74600,,
2015,3,11:29:31,74600,,
2015,3,11:29:32,74600,,
2015,3,11:29:33,74600,,
2015,3,11:29:34,74600,,
2015,3,11:29:35,74600,,
2015,3,11:29:36,74600,,
2015,3,11:29:37,74600,,
2015,3,11:29:38,74600,,
2015,3,11:29:39,74600,,
2015,3,11:29:40,74600,,
2015,3,11:29:41,74600,,
2015,3,11:29:42,74600,,
2015,3,11:29:43,74600,,
2015,3,11:29:44,74600,,
2015,3,11:29:45,74600,,
2015,3,11:29:46,74600,,
2015,3,11:29:47,74600,,
2015,3,11:29:48,74600,,
2015,3,11:29:49,74600,,
2015,3,11:29:50,74600,,
2015,3,11:29:51,74600,,
2015,3,11:29:52,74600,,
2015,3,11:29:53,74600,,
2015,3,11:29:54,74600,,
2015,3,11:29:55,74600,,
2015,3,11:29:56,74600,,
2015,3,11:29:57,74600,,
2015,3,11:29:58,74600,,
2015,3,11:29:59,74600,,
2015,3,11:30:00,74600,,
2015,4,11:25:00,78200,,
2015,4,11:25:01,78200,,
2015,4,11:25:02,78200,,
2015,4,11:25:03,78200,,
2015,4,11:25:04,78200,,
2015,4,11:25:05,78200,,
2015,4,11:25:06,78200,,
2015,4,11:25:07,78200,,
2015,4,11:25:08,78200,,
2015,4,11:25:09,78200,,
2015,4,11:25:10,78200,,
2015,4,11:25:11,78200,,
2015,4,11:25:12,78200,,
2015,4,11:25:13,78200,,
2015,4,11:25:14,78200,,
2015,4,11:25:15,78200,,
2015,4,11:25:16,78200,,
2015,4,11:25:17,78200,,
2015,4,11:25:18,78200,,
2015,4,11:25:19,78300,,
2015,4,11:25:20,78300,,
2015,4,11:25:21,78300,,
2015,4,11:25:22,78300,,
2015,4,11:25:23,78300,,
2015,4,11:25:24,78300,,
2015,4,11:25:25,78300,,
2015,4,11:25:26,78300,,
2015,4,11:25:27,78300,,
2015,4,11:25:28,78300,,
2015,4,11:25:29,78300,,
2015,4,11:25:30,78300,,
2015,4,11:25:31,78300,,
2015,4,11:25:32,78400,,
2015,4,11:25:33,78400,,
2015,4,11:25:34,78400,,
2015,4,11:25:35,78400,,
2015,4,11:25:36,78400,,
2015,4,11:25:37,78400,,
2015,4,11:25:38,78400,,
2015,4,11:25:39,78400,,
2015,4,11:25:40,78500,,
2015,4,11:25:41,78500,,
2015,4,11:25:42,78500,,
2015,4,11:25:43,78500,,
2015,4,11:25:44,78500,,
2015,4,11:25:45,78500,,
2015,4,11:25:46,78500,,
2015,4,11:25:47,78500,,
2015,4,11:25:48,78500,,
2015,4,11:25:49,78500,,
2015,4,11:25:50,78500,,
2015,4,11:25:51,78500,,
2015,4,11:25:52,78500,,
2015,4,11:25:53,78500,,
2015,4,11:25:54,78500,,
2015,4,11:25:55,78500,,
2015,4,11:25:56,78500,,
2015,4,11:25:57,78500,,
2015,4,11:25:58,78500,,
2015,4,11:25:59,78500,,
2015,4,11:26:00,78500,,
2015,4,11:26:01,78500,,
2015,4,11:26:02,78500,,
2015,4,11:26:03,78500,,
2015,4,11:26:04,78500,,
2015,4,11:26:05,78500,,
2015,4,11:26:06,78500,,
2015,4,11:26:07,78500,,
2015,4,11:26:08,78500,,
2015,4,11:26:09,78500,,
2015,4,11:26:10,78500,,
2015,4,11:26:11,78600,,
2015,4,11:26:12,78600,,
2015,4,11:26:13,78600,,
2015,4,11:26:14,78600,,
2015,4,11:26:15,78600,,
2015,4,11:26:16,78600,,
2015,4,11:26:17,78600,,
2015,4,11:26:18,78600,,
2015,4,11:26:19,78600,,
2015,4,11:26:20,78600,,
2015,4,11:26:21,78700,,
2015,4,11:26:22,78700,,
2015,4,11:26:23,78700,,
2015,4,11:26:24,78700,,
2015,4,11:26:25,78700,,
2015,4,11:26:26,78700,,
2015,4,11:26:27,78800,,
2015,4,11:26:28,78800,,
2015,4,11:26:29,78800,,
2015,4,11:26:30,78800,,
2015,4,11:26:31,78800,,
2015,4,11:26:32,78800,,
2015,4,11:26:33,78800,,
2015,4,11:26:34,78800,,
2015,4,11:26:35,78800,,
2015,4,11:26:36,78800,,
2015,4,11:26:37,78800,,
2015,4,11:26:38,78800,,
2015,4,11:26:39,78800,,
2015,4,11:26:40,78800,,
2015,4,11:26:41,78800,,
2015,4,11:26:42,78800,,
2015,4,11:26:43,78800,,
2015,4,11:26:44,78800,,
2015,4,11:26:45,78800,,
2015,4,11:26:46,78800,,
2015,4,11:26:47,78800,,
2015,4,11:26:48,78800,,
2015,4,11:26:49,78800,,
2015,4,11:26:50,78800,,
2015,4,11:26:51,78800,,
2015,4,11:26:52,78800,,
2015,4,11:26:53,78800,,
2015,4,11:26:54,78800,,
2015,4,11:26:55,78800,,
2015,4,11:26:56,78800,,
2015,4,11:26:57,78800,,
2015,4,11:26:58,78800,,
2015,4,11:26:59,78800,,
2015,4,11:27:00,78800,,
2015,4,11:27:01,78800,,
2015,4,11:27:02,78800,,
2015,4,11:27:03,78900,,
2015,4,11:27:04,78900,,
2015,4,11:27:05,78900,,
2015,4,11:27:06,78900,,
2015,4,11:27:07,78900,,
2015,4,11:27:08,78900,,
2015,4,11:27:09,78900,,
2015,4,11:27:10,78900,,
2015,4,11:27:11,78900,,
2015,4,11:27:12,78900,,
2015,4,11:27:13,79000,,
2015,4,11:27:14,79000,,
2015,4,11:27:15,79000,,
2015,4,11:27:16,79000,,
2015,4,11:27:17,79000,,
2015,4,11:27:18,79000,,
2015,4,11:27:19,79000,,
2015,4,11:27:20,79000,,
2015,4,11:27:21,79000,,
2015,4,11:27:22,79100,,
2015,4,11:27:23,79100,,
2015,4,11:27:24,79100,,
2015,4,11:27:25,79100,,
2015,4,11:27:26,79100,,
2015,4,11:27:27,79100,,
2015,4,11:27:28,79100,,
2015,4,11:27:29,79100,,
2015,4,11:27:30,79100,,
2015,4,11:27:31,79100,,
2015,4,11:27:32,79100,,
2015,4,11:27:33,79100,,
2015,4,11:27:34,79100,,
2015,4,11:27:35,79100,,
2015,4,11:27:36,79100,,
2015,4,11:27:37,79100,,
2015,4,11:27:38,79100,,
2015,4,11:27:39,79100,,
2015,4,11:27:40,79100,,
2015,4,11:27:41,79100,,
2015,4,11:27:42,79100,,
2015,4,11:27:43,79100,,
2015,4,11:27:44,79100,,
2015,4,11:27:45,79100,,
2015,4,11:27:46,79100,,
2015,4,11:27:47,79100,,
2015,4,11:27:48,79200,,
2015,4,11:27:49,79200,,
2015,4,11:27:50,79200,,
2015,4,11:27:51,79200,,
2015,4,11:27:52,79200,,
2015,4,11:27:53,79200,,
2015,4,11:27:54,79200,,
2015,4,11:27:55,79200,,
2015,4,11:27:56,79200,,
2015,4,11:27:57,79200,,
2015,4,11:27:58,79200,,
2015,4,11:27:59,79300,,
2015,4,11:28:00,79300,,
2015,4,11:28:01,79300,,
2015,4,11:28:02,79300,,
2015,4,11:28:03,79300,,
2015,4,11:28:04,79300,,
2015,4,11:28:05,79300,,
2015,4,11:28:06,79300,,
2015,4,11:28:07,79300,,
2015,4,11:28:08,79300,,
2015,4,11:28:09,79400,,
2015,4,11:28:10,79400,,
2015,4,11:28:11,79400,,
2015,4,11:28:12,79400,,
2015,4,11:28:13,79400,,
2015,4,11:28:14,79400,,
2015,4,11:28:15,79400,,
2015,4,11:28:16,79400,,
2015,4,11:28:17,79400,,
2015,4,11:28:18,79400,,
2015,4,11:28:19,79400,,
2015,4,11:28:20,79400,,
2015,4,11:28:21,79400,,
2015,4,11:28:22,79400,,
2015,4,11:28:23,79500,,
2015,4,11:28:24,79500,,
2015,4,11:28:25,79500,,
2015,4,11:28:26,79500,,
2015,4,11:28:27,79500,,
2015,4,11:28:28,79500,,
2015,4,11:28:29,79500,,
2015,4,11:28:30,79500,,
2015,4,11:28:31,79500,,
2015,4,11:28:32,79600,,
2015,4,11:28:33,79600,,
2015,4,11:28:34,79600,,
2015,4,11:28:35,79600,,
2015,4,11:28:36,79600,,
2015,4,11:28:37,79600,,
2015,4,11:28:38,79700,,
2015,4,11:28:39,79700,,
2015,4,11:28:40,79700,,
2015,4,11:28:41,79700,,
2015,4,11:28:42,79700,,
2015,4,11:28:43,79700,,
2015,4,11:28:44,79700,,
2015,4,11:28:45,79700,,
2015,4,11:28:46,79700,,
2015,4,11:28:47,79700,,
2015,4,11:28:48,79700,,
2015,4,11:28:49,79800,,
2015,4,11:28:50,79800,,
2015,4,11:28:51,79800,,
2015,4,11:28:52,79800,,
2015,4,11:28:53,79800,,
2015,4,11:28:54,79800,,
2015,4,11:28:55,79800,,
2015,4,11:28:56,79800,,
2015,4,11:28:57,79800,,
2015,4,11:28:58,79800,,
2015,4,11:28:59,79900,,
2015,4,11:29:00,79900,,
2015,4,11:29:01,79900,,
2015,4,11:29:02,79900,,
2015,4,11:29:03,79900,,
2015,4,11:29:04,79900,,
2015,4,11:29:05,79900,,
2015,4,11:29:06,79900,,
2015,4,11:29:07,79900,,
2015,4,11:29:08,80000,,
2015,4,11:29:09,80000,,
2015,4,11:29:10,80000,,
2015,4,11:29:11,80000,,
2015,4,11:29:12,80000,,
2015,4,11:29:13,80000,,
2015,4,11:29:14,80000,,
2015,4,11:29:15,80000,,
2015,4,11:29:16,80000,,
2015,4,11:29:17,80000,,
2015,4,11:29:18,80000,,
2015,4,11:29:19,80000,,
2015,4,11:29:20,80000,,
2015,4,11:29:21,80000,,
2015,4,11:29:22,80000,,
2015,4,11:29:23,80000,,
2015,4,11:29:24,80000,,
2015,4,11:29:25,80000,,
2015,4,11:29:26,80000,,
2015,4,11:29:27,80000,,
2015,4,11:29:28,80100,,
2015,4,11:29:29,80100,,
2015,4,11:29:30,80100,,
2015,4,11:29:31,80100,,
2015,4,11:29:32,80100,,
2015,4,11:29:33,80100,,
2015,4,11:29:34,80100,,
2015,4,11:29:35,80100,,
2015,4,11:29:36,80200,,
2015,4,11:29:37,80200,,
2015,4,11:29:38,80200,,
2015,4,11:29:39,80200,,
2015,4,11:29:40,80300,,
2015,4,11:29:41,80300,,
2015,4,11:29:42,80300,,
2015,4,11:29:43,80300,,
2015,4,11:29:44,80300,,
2015,4,11:29:45,80300,,
2015,4,11:29:46,80300,,
2015,4,11:29:47,80300,,
2015,4,11:29:48,80300,,
2015,4,11:29:49,80400,,
2015,4,11:29:50,80400,,
2015,4,11:29:51,80400,,
2015,4,11:29:52,80400,,
2015,4,11:29:53,80500,,
2015,4,11:29:54,80500,,
2015,4,11:29:55,80600,,
2015,4,11:29:56,80600,,
2015,4,11:29:57,80600,,
2015,4,11:29:58,80600,,
2015,4,11:29:59,80600,,
2015,4,11:30:00,80600,,
2015,5,11:25:00,76400,,
2015,5,11:25:01,76400,,
2015,5,11:25:02,76400,,
2015,5,11:25:03,76400,,
2015,5,11:25:04,76500,,
2015,5,11:25:05,76500,,
2015,5,11:25:06,76500,,
2015,5,11:25:07,76500,,
2015,5,11:25:08,76500,,
2015,5,11:25:09,76500,,
2015,5,11:25:10,76600,,
2015,5,11:25:11,76600,,
2015,5,11:25:12,76600,,
2015,5,11:25:13,76700,,
2015,5,11:25:14,76700,,
2015,5,11:25:15,76700,,
2015,5,11:25:16,76700,,
2015,5,11:25:17,76700,,
2015,5,11:25:18,76700,,
2015,5,11:25:19,76700,,
2015,5,11:25:20,76700,,
2015,5,11:25:21,76700,,
2015,5,11:25:22,76700,,
2015,5,11:25:23,76700,,
2015,5,11:25:24,76700,,
2015,5,11:25:25,76700,,
2015,5,11:25:26,76700,,
2015,5,11:25:27,76700,,
2015,5,11:25:28,76700,,
2015,5,11:25:29,76700,,
2015,5,11:25:30,76700,,
2015,5,11:25:31,76700,,
2015,5,11:25:32,76700,,
2015,5,11:25:33,76700,,
2015,5,11:25:34,76700,,
2015,5,11:25:35,76700,,
2015,5,11:25:36,76700,,
2015,5,11:25:37,76700,,
2015,5,11:25:38,76700,,
2015,5,11:25:39,76800,,
2015,5,11:25:40,76800,,
2015,5,11:25:41,76800,,
2015,5,11:25:42,76800,,
2015,5,11:25:43,76800,,
2015,5,11:25:44,76800,,
2015,5,11:25:45,76800,,
2015,5,11:25:46,76800,,
2015,5,11:25:47,76800,,
2015,5,11:25:48,76800,,
2015,5,11:25:49,76800,,
2015,5,11:25:50,76800,,
2015,5,11:25:51,76800,,
2015,5,11:25:52,76800,,
2015,5,11:25:53,76800,,
2015,5,11:25:54,76800,,
2015,5,11:25:55,76800,,
2015,5,11:25:56,76800,,
2015,5,11:25:57,76900,,
2015,5,11:25:58,76900,,
2015,5,11:25:59,76900,,
2015,5,11:26:00,76900,,
2015,5,11:26:01,77000,,
2015,5,11:26:02,77000,,
2015,5,11:26:03,77000,,
2015,5,11:26:04,77000,,
2015,5,11:26:05,77000,,
2015,5,11:26:06,77000,,
2015,5,11:26:07,77000,,
2015,5,11:26:08,77000,,
2015,5,11:26:09,77000,,
2015,5,11:26:10,77000,,
2015,5,11:26:11,77000,,
2015,5,11:26:12,77000,,
2015,5,11:26:13,77000,,
2015,5,11:26:14,77000,,
2015,5,11:26:15,77000,,
2015,5,11:26:16,77000,,
2015,5,11:26:17,77000,,
2015,5,11:26:18,77000,,
2015,5,11:26:19,77000,,
2015,5,11:26:20,77000,,
2015,5,11:26:21,77000,,
2015,5,11:26:22,77000,,
2015,5,11:26:23,77000,,
2015,5,11:26:24,77000,,
2015,5,11:26:25,77000,,
2015,5,11:26:26,77000,,
2015,5,11:26:27,77000,,
2015,5,11:26:28,77000,,
2015,5,11:26:29,77000,,
2015,5,11:26:30,77000,,
2015,5,11:26:31,77000,,
2015,5,11:26:32,77000,,
2015,5,11:26:33,77000,,
2015,5,11:26:34,77000,,
2015,5,11:26:35,77100,,
2015,5,11:26:36,77100,,
2015,5,11:26:37,77100,,
2015,5,11:26:38,77100,,
2015,5,11:26:39,77100,,
2015,5,11:26:40,77100,,
2015,5,11:26:41,77100,,
2015,5,11:26:42,77100,,
2015,5,11:26:43,77100,,
2015,5,11:26:44,77100,,
2015,5,11:26:45,77100,,
2015,5,11:26:46,77100,,
2015,5,11:26:47,77100,,
2015,5,11:26:48,77100,,
2015,5,11:26:49,77200,,
2015,5,11:26:50,77200,,
2015,5,11:26:51,77200,,
2015,5,11:26:52,77200,,
2015,5,11:26:53,77300,,
2015,5,11:26:54,77300,,
2015,5,11:26:55,77300,,
2015,5,11:26:56,77300,,
2015,5,11:26:57,77300,,
2015,5,11:26:58,77300,,
2015,5,11:26:59,77300,,
2015,5,11:27:00,77300,,
2015,5,11:27:01,77300,,
2015,5,11:27:02,77300,,
2015,5,11:27:03,77300,,
2015,5,11:27:04,77300,,
2015,5,11:27:05,77300,,
2015,5,11:27:06,77300,,
2015,5,11:27:07,77300,,
2015,5,11:27:08,77300,,
2015,5,11:27:09,77300,,
2015,5,11:27:10,77300,,
2015,5,11:27:11,77300,,
2015,5,11:27:12,77300,,
2015,5,11:27:13,77300,,
2015,5,11:27:14,77300,,
2015,5,11:27:15,77300,,
2015,5,11:27:16,77300,,
2015,5,11:27:17,77300,,
2015,5,11:27:18,77300,,
2015,5,11:27:19,77300,,
2015,5,11:27:20,77400,,
2015,5,11:27:21,77400,,
2015,5,11:27:22,77400,,
2015,5,11:27:23,77400,,
2015,5,11:27:24,77400,,
2015,5,11:27:25,77400,,
2015,5,11:27:26,77400,,
2015,5,11:27:27,77400,,
2015,5,11:27:28,77400,,
2015,5,11:27:29,77500,,
2015,5,11:27:30,77500,,
2015,5,11:27:31,77500,,
2015,5,11:27:32,77500,,
2015,5,11:27:33,77500,,
2015,5,11:27:34,77600,,
2015,5,11:27:35,77600,,
2015,5,11:27:36,77600,,
2015,5,11:27:37,77600,,
2015,5,11:27:38,77600,,
2015,5,11:27:39,77600,,
2015,5,11:27:40,77600,,
2015,5,11:27:41,77600,,
2015,5,11:27:42,77600,,
2015,5,11:27:43,77600,,
2015,5,11:27:44,77600,,
2015,5,11:27:45,77600,,
2015,5,11:27:46,77600,,
2015,5,11:27:47,77600,,
2015,5,11:27:48,77600,,
2015,5,11:27:49,77600,,
2015,5,11:27:50,77600,,
2015,5,11:27:51,77600,,
2015,5,11:27:52,77600,,
2015,5,11:27:53,77600,,
2015,5,11:27:54,77600,,
2015,5,11:27:55,77600,,
2015,5,11:27:56,77600,,
2015,5,11:27:57,77600,,
2015,5,11:27:58,77600,,
2015,5,11:27:59,77600,,
2015,5,11:28:00,77700,,
2015,5,11:28:01,77700,,
2015,5,11:28:02,77700,,
2015,5,11:28:03,77700,,
2015,5,11:28:04,77700,,
2015,5,11:28:05,77700,,
2015,5,11:28:06,77700,,
2015,5,11:28:07,77700,,
2015,5,11:28:08,77700,,
2015,5,11:28:09,77700,,
2015,5,11:28:10,77800,,
2015,5,11:28:11,77800,,
2015,5,11:28:12,77800,,
2015,5,11:28:13,77800,,
2015,5,11:28:14,77800,,
2015,5,11:28:15,77800,,
2015,5,11:28:16,77900,,
2015,5,11:28:17,77900,,
2015,5,11:28:18,77900,,
2015,5,11:28:19,77900,,
2015,5,11:28:20,77900,,
2015,5,11:28:21,77900,,
2015,5,11:28:22,77900,,
2015,5,11:28:23,77900,,
2015,5,11:28:24,77900,,
2015,5,11:28:25,77900,,
2015,5,11:28:26,77900,,
2015,5,11:28:27,77900,,
2015,5,11:28:28,78000,,
2015,5,11:28:29,78000,,
2015,5,11:28:30,78000,,
2015,5,11:28:31,78000,,
2015,5,11:28:32,78000,,
2015,5,11:28:33,78000,,
2015,5,11:28:34,78000,,
2015,5,11:28:35,78000,,
2015,5,11:28:36,78000,,
2015,5,11:28:37,78000,,
2015,5,11:28:38,78000,,
2015,5,11:28:39,78000,,
2015,5,11:28:40,78000,,
2015,5,11:28:41,78000,,
2015,5,11:28:42,78000,,
2015,5,11:28:43,78000,,
2015,5,11:28:44,78000,,
2015,5,11:28:45,78000,,
2015,5,11:28:46,78100,,
2015,5,11:28:47,78100,,
2015,5,11:28:48,78100,,
2015,5,11:28:49,78100,,
2015,5,11:28:50,78100,,
2015,5,11:28:51,78100,,
2015,5,11:28:52,78200,,
2015,5,11:28:53,78200,,
2015,5,11:28:54,78200,,
2015,5,11:28:55,78200,,
2015,5,11:28:56,78200,,
2015,5,11:28:57,78200,,
2015,5,11:28:58,78200,,
2015,5,11:28:59,78300,,
2015,5,11:29:00,78300,,
2015,5,11:29:01,78300,,
2015,5,11:29:02,78300,,
2015,5,11:29:03,78300,,
2015,5,11:29:04,78300,,
2015,5,11:29:05,78300,,
2015,5,11:29:06,78300,,
2015,5,11:29:07,78300,,
2015,5,11:29:08,78300,,
2015,5,11:29:09,78300,,
2015,5,11:29:10,78300,,
2015,5,11:29:11,78300,,
2015,5,11:29:12,78300,,
2015,5,11:29:13,78300,,
2015,5,11:29:14,78400,,
2015,5,11:29:15,78400,,
2015,5,11:29:16,78400,,
2015,5,11:29:17,78400,,
2015,5,11:29:18,78400,,
2015,5,11:29:19,78500,,
2015,5,11:29:20,78500,,
2015,5,11:29:21,78500,,
2015,5,11:29:22,78500,,
2015,5,11:29:23,78500,,
2015,5,11:29:24,78500,,
2015,5,11:29:25,78500,,
2015,5,11:29:26,78500,,
2015,5,11:29:27,78500,,
2015,5,11:29:28,78600,,
2015,5,11:29:29,78600,,
2015,5,11:29:30,78600,,
2015,5,11:29:31,78600,,
2015,5,11:29:32,78600,,
2015,5,11:29:33,78600,,
2015,5,11:29:34,78600,,
2015,5,11:29:35,78600,,
2015,5,11:29:36,78600,,
2015,5,11:29:37,78600,,
2015,5,11:29:38,78600,,
2015,5,11:29:39,78600,,
2015,5,11:29:40,78700,,
2015,5,11:29:41,78700,,
2015,5,11:29:42,78700,,
2015,5,11:29:43,78800,,
2015,5,11:29:44,78800,,
2015,5,11:29:45,78800,,
2015,5,11:29:46,78800,,
2015,5,11:29:47,78800,,
2015,5,11:29:48,78800,,
2015,5,11:29:49,78800,,
2015,5,11:29:50,78800,,
2015,5,11:29:51,78900,,
2015,5,11:29:52,78900,,
2015,5,11:29:53,78900,,
2015,5,11:29:54,78900,,
2015,5,11:29:55,78900,,
2015,5,11:29:56,78900,,
2015,5,11:29:57,78900,,
2015,5,11:29:58,78900,,
2015,5,11:29:59,79000,,
2015,5,11:30:00,79000,,
2015,6,11:28:00,77000,75200,
2015,6,11:28:01,77000,75200,
2015,6,11:28:02,77000,75200,
2015,6,11:28:03,77000,75200,
2015,6,11:28:04,77000,75200,
2015,6,11:28:05,77000,75200,
2015,6,11:28:06,77000,75200,
2015,6,11:28:07,77000,75200,
2015,6,11:28:08,77000,75200,
2015,6,11:28:09,77000,75200,
2015,6,11:28:10,77000,75200,
2015,6,11:28:11,77100,75200,
2015,6,11:28:12,77100,75200,
2015,6,11:28:13,77100,75200,
2015,6,11:28:14,77100,75200,
2015,6,11:28:15,77100,75200,
2015,6,11:28:16,77100,75200,
2015,6,11:28:17,77200,75200,
2015,6,11:28:18,77200,75200,
2015,6,11:28:19,77200,75200,
2015,6,11:28:20,77300,75200,
2015,6,11:28:21,77300,75200,
2015,6,11:28:22,77300,75200,
2015,6,11:28:23,77300,75200,
2015,6,11:28:24,77300,75200,
2015,6,11:28:25,77300,75200,
2015,6,11:28:26,77300,75200,
2015,6,11:28:27,77300,75200,
2015,6,11:28:28,77300,75200,
2015,6,11:28:29,77300,75200,
2015,6,11:28:30,77300,75200,
2015,6,11:28:31,77300,75200,
2015,6,11:28:32,77300,75200,
2015,6,11:28:33,77300,75200,
2015,6,11:28:34,77300,75200,
2015,6,11:28:35,77300,75200,
2015,6,11:28:36,77300,75200,
2015,6,11:28:37,77400,75200,
2015,6,11:28:38,77400,75200,
2015,6,11:28:39,77400,75200,
2015,6,11:28:40,77500,75200,
2015,6,11:28:41,77500,75200,
2015,6,11:28:42,77500,75200,
2015,6,11:28:43,77500,75200,
2015,6,11:28:44,77600,75200,
2015,6,11:28:45,77600,75200,
2015,6,11:28:46,77600,75200,
2015,6,11:28:47,77600,75200,
2015,6,11:28:48,77600,75200,
2015,6,11:28:49,77600,75200,
2015,6,11:28:50,77600,75200,
2015,6,11:28:51,77600,75200,
2015,6,11:28:52,77600,75200,
2015,6,11:28:53,77600,75200,
2015,6,11:28:54,77600,75200,
2015,6,11:28:55,77600,75200,
2015,6,11:28:56,77600,75200,
2015,6,11:28:57,77600,75200,
2015,6,11:28:58,77700,75200,
2015,6,11:28:59,77700,75200,
2015,6,11:29:00,77700,75200,
2015,6,11:29:01,77700,75200,
2015,6,11:29:02,77800,75200,
2015,6,11:29:03,77800,75200,
2015,6,11:29:04,77900,75200,
2015,6,11:29:05,77900,75200,
2015,6,11:29:06,77900,75200,
2015,6,11:29:07,77900,75200,
2015,6,11:29:08,78000,75200,
2015,6,11:29:09,78000,75200,
2015,6,11:29:10,78000,75200,
2015,6,11:29:11,78000,75200,
2015,6,11:29:12,78000,75200,
2015,6,11:29:13,78000,75200,
2015,6,11:29:14,78100,75200,
2015,6,11:29:15,78100,75200,
2015,6,11:29:16,78100,75200,
2015,6,11:29:17,78100,75200,
2015,6,11:29:18,78100,75200,
2015,6,11:29:19,78200,75200,
2015,6,11:29:20,78200,75200,
2015,6,11:29:21,78300,75200,
2015,6,11:29:22,78300,75200,
2015,6,11:29:23,78300,75200,
2015,6,11:29:24,78400,75200,
2015,6,11:29:25,78400,75200,
2015,6,11:29:26,78500,75200,
2015,6,11:29:27,78500,75200,
2015,6,11:29:28,78500,75200,
2015,6,11:29:29,78600,75200,
2015,6,11:29:30,78600,75200,
2015,6,11:29:31,78600,75200,
2015,6,11:29:32,78700,75200,
2015,6,11:29:33,78700,75200,
2015,6,11:29:34,78700,75200,
2015,6,11:29:35,78800,75200,
2015,6,11:29:36,78900,75200,
2015,6,11:29:37,79000,75200,
2015,6,11:29:38,79000,75200,
2015,6,11:29:39,79100,75200,
2015,6,11:29:40,79100,75200,
2015,6,11:29:41,79100,75200,
2015,6,11:29:42,79200,75200,
2015,6,11:29:43,79200,75200,
2015,6,11:29:44,79200,75200,
2015,6,11:29:45,79300,75200,
2015,6,11:29:46,79400,75200,
2015,6,11:29:47,79400,75200,
2015,6,11:29:48,79500,75200,
2015,6,11:29:49,79500,75200,
2015,6,11:29:50,79500,75200,
2015,6,11:29:51,79600,75200,
2015,6,11:29:52,79600,75200,
2015,6,11:29:53,79700,75200,
2015,6,11:29:54,79700,75200,
2015,6,11:29:55,79700,75200,
2015,6,11:29:56,79800,75200,
2015,6,11:29:57,79900,75200,
2015,6,11:29:58,79900,75200,
2015,6,11:29:59,79900,75200,
2015,6,11:30:00,80000,75200,
2015,7,11:28:00,80800,79900,
2015,7,11:28:01,80800,79900,
2015,7,11:28:02,80800,79900,
2015,7,11:28:03,80800,79900,
2015,7,11:28:04,80800,79900,
2015,7,11:28:05,80800,79900,
2015,7,11:28:06,80800,79900,
2015,7,11:28:07,80800,79900,
2015,7,11:28:08,80800,79900,
2015,7,11:28:09,80800,79900,
2015,7,11:28:10,80800,79900,
2015,7,11:28:11,80800,79900,
2015,7,11:28:12,80800,79900,
2015,7,11:28:13,80800,79900,
2015,7,11:28:14,80900,79900,
2015,7,11:28:15,80900,79900,
2015,7,11:28:16,80900,79900,
2015,7,11:28:17,80900,79900,
2015,7,11:28:18,80900,79900,
2015,7,11:28:19,81000,79900,
2015,7,11:28:20,81000,79900,
2015,7,11:28:21,81000,79900,
2015,7,11:28:22,81000,79900,
2015,7,11:28:23,81000,79900,
2015,7,11:28:24,81100,79900,
2015,7,11:28:25,81100,79900,
2015,7,11:28:26,81100,79900,
2015,7,11:28:27,81100,79900,
2015,7,11:28:28,81100,79900,
2015,7,11:28:29,81100,79900,
2015,7,11:28:30,81100,79900,
2015,7,11:28:31,81100,79900,
2015,7,11:28:32,81100,79900,
2015,7,11:28:33,81100,79900,
2015,7,11:28:34,81100,79900,
2015,7,11:28:35,81100,79900,
2015,7,11:28:36,81100,79900,
2015,7,11:28:37,81100,79900,
2015,7,11:28:38,81100,79900,
2015,7,11:28:39,81100,79900,
2015,7,11:28:40,81100,79900,
2015,7,11:28:41,81100,79900,
2015,7,11:28:42,81100,79900,
2015,7,11:28:43,81100,79900,
2015,7,11:28:44,81100,79900,
2015,7,11:28:45,81100,79900,
2015,7,11:28:46,81100,79900,
2015,7,11:28:47,81100,79900,
2015,7,11:28:48,81100,79900,
2015,7,11:28:49,81100,79900,
2015,7,11:28:50,81200,79900,
2015,7,11:28:51,81200,79900,
2015,7,11:28:52,81200,79900,
2015,7,11:28:53,81200,79900,
2015,7,11:28:54,81300,79900,
2015,7,11:28:55,81300,79900,
2015,7,11:28:56,81300,79900,
2015,7,11:28:57,81400,79900,
2015,7,11:28:58,81400,79900,
2015,7,11:28:59,81400,79900,
2015,7,11:29:00,81400,79900,
2015,7,11:29:01,81400,79900,
2015,7,11:29:02,81400,79900,
2015,7,11:29:03,81400,79900,
2015,7,11:29:04,81400,79900,
2015,7,11:29:05,81400,79900,
2015,7,11:29:06,81400,79900,
2015,7,11:29:07,81400,79900,
2015,7,11:29:08,81400,79900,
2015,7,11:29:09,81500,79900,
2015,7,11:29:10,81500,79900,
2015,7,11:29:11,81500,79900,
2015,7,11:29:12,81600,79900,
2015,7,11:29:13,81600,79900,
2015,7,11:29:14,81600,79900,
2015,7,11:29:15,81700,79900,
2015,7,11:29:16,81700,79900,
2015,7,11:29:17,81700,79900,
2015,7,11:29:18,81700,79900,
2015,7,11:29:19,81700,79900,
2015,7,11:29:20,81700,79900,
2015,7,11:29:21,81800,79900,
2015,7,11:29:22,81800,79900,
2015,7,11:29:23,81800,79900,
2015,7,11:29:24,81800,79900,
2015,7,11:29:25,81900,79900,
2015,7,11:29:26,81900,79900,
2015,7,11:29:27,82000,79900,
2015,7,11:29:28,82000,79900,
2015,7,11:29:29,82000,79900,
2015,7,11:29:30,82000,79900,
2015,7,11:29:31,82000,79900,
2015,7,11:29:32,82000,79900,
2015,7,11:29:33,82000,79900,
2015,7,11:29:34,82100,79900,
2015,7,11:29:35,82100,79900,
2015,7,11:29:36,82100,79900,
2015,7,11:29:37,82200,79900,
2015,7,11:29:38,82200,79900,
2015,7,11:29:39,82300,79900,
2015,7,11:29:40,82300,79900,
2015,7,11:29:41,82300,79900,
2015,7,11:29:42,82400,79900,
2015,7,11:29:43,82400,79900,
2015,7,11:29:44,82500,79900,
2015,7,11:29:45,82500,79900,
2015,7,11:29:46,82500,79900,
2015,7,11:29:47,82600,79900,
2015,7,11:29:48,82600,79900,
2015,7,11:29:49,82600,79900,
2015,7,11:29:50,82700,79900,
2015,7,11:29:51,82800,79900,
2015,7,11:29:52,82800,79900,
2015,7,11:29:53,82800,79900,
2015,7,11:29:54,82900,79900,
2015,7,11:29:55,83000,79900,
2015,7,11:29:56,83000,79900,
2015,7,11:29:57,83000,79900,
2015,7,11:29:58,83000,79900,
2015,7,11:29:59,83100,79900,
2015,7,11:30:00,83100,79900,
2015,8,11:28:00,80500,79900,
2015,8,11:28:01,80500,79900,
2015,8,11:28:02,80600,79900,
2015,8,11:28:03,80600,79900,
2015,8,11:28:04,80600,79900,
2015,8,11:28:05,80600,79900,
2015,8,11:28:06,80600,79900,
2015,8,11:28:07,80600,79900,
2015,8,11:28:08,80600,79900,
2015,8,11:28:09,80700,79900,
2015,8,11:28:10,80700,79900,
2015,8,11:28:11,80700,79900,
2015,8,11:28:12,80800,79900,
2015,8,11:28:13,80800,79900,
2015,8,11:28:14,80800,79900,
2015,8,11:28:15,80800,79900,
2015,8,11:28:16,80800,79900,
2015,8,11:28:17,80800,79900,
2015,8,11:28:18,80800,79900,
2015,8,11:28:19,80800,79900,
2015,8,11:28:20,80800,79900,
2015,8,11:28:21,80800,79900,
2015,8,11:28:22,80800,79900,
2015,8,11:28:23,80800,79900,
2015,8,11:28:24,80800,79900,
2015,8,11:28:25,80800,79900,
2015,8,11:28:26,80800,79900,
2015,8,11:28:27,80800,79900,
2015,8,11:28:28,80800,79900,
2015,8,11:28:29,80800,79900,
2015,8,11:28:30,80800,79900,
2015,8,11:28:31,80800,79900,
2015,8,11:28:32,80800,79900,
2015,8,11:28:33,80800,79900,
2015,8,11:28:34,80800,79900,
2015,8,11:28:35,80800,79900,
2015,8,11:28:36,80800,79900,
2015,8,11:28:37,80800,79900,
2015,8,11:28:38,80800,79900,
2015,8,11:28:39,80800,79900,
2015,8,11:28:40,80800,79900,
2015,8,11:28:41,80800,79900,
2015,8,11:28:42,80900,79900,
2015,8,11:28:43,80900,79900,
2015,8,11:28:44,80900,79900,
2015,8,11:28:45,80900,79900,
2015,8,11:28:46,80900,79900,
2015,8,11:28:47,80900,79900,
2015,8,11:28:48,80900,79900,
2015,8,11:28:49,81000,79900,
2015,8,11:28:50,81000,79900,
2015,8,11:28:51,81000,79900,
2015,8,11:28:52,81000,79900,
2015,8,11:28:53,81000,79900,
2015,8,11:28:54,81100,79900,
2015,8,11:28:55,81100,79900,
2015,8,11:28:56,81100,79900,
2015,8,11:28:57,81100,79900,
2015,8,11:28:58,81100,79900,
2015,8,11:28:59,81100,79900,
2015,8,11:29:00,81100,79900,
2015,8,11:29:01,81100,79900,
2015,8,11:29:02,81100,79900,
2015,8,11:29:03,81100,79900,
2015,8,11:29:04,81100,79900,
2015,8,11:29:05,81100,79900,
2015,8,11:29:06,81100,79900,
2015,8,11:29:07,81100,79900,
2015,8,11:29:08,81100,79900,
2015,8,11:29:09,81100,79900,
2015,8,11:29:10,81100,79900,
2015,8,11:29:11,81200,79900,
2015,8,11:29:12,81200,79900,
2015,8,11:29:13,81200,79900,
2015,8,11:29:14,81300,79900,
2015,8,11:29:15,81300,79900,
2015,8,11:29:16,81300,79900,
2015,8,11:29:17,81400,79900,
2015,8,11:29:18,81400,79900,
2015,8,11:29:19,81400,79900,
2015,8,11:29:20,81400,79900,
2015,8,11:29:21,81400,79900,
2015,8,11:29:22,81400,79900,
2015,8,11:29:23,81400,79900,
2015,8,11:29:24,81400,79900,
2015,8,11:29:25,81400,79900,
2015,8,11:29:26,81400,79900,
2015,8,11:29:27,81400,79900,
2015,8,11:29:28,81500,79900,
2015,8,11:29:29,81500,79900,
2015,8,11:29:30,81500,79900,
2015,8,11:29:31,81500,79900,
2015,8,11:29:32,81600,79900,
2015,8,11:29:33,81600,79900,
2015,8,11:29:34,81600,79900,
2015,8,11:29:35,81700,79900,
2015,8,11:29:36,81700,79900,
2015,8,11:29:37,81700,79900,
2015,8,11:29:38,81700,79900,
2015,8,11:29:39,81800,79900,
2015,8,11:29:40,81800,79900,
2015,8,11:29:41,81800,79900,
2015,8,11:29:42,81800,79900,
2015,8,11:29:43,81900,79900,
2015,8,11:29:44,81900,79900,
2015,8,11:29:45,81900,79900,
2015,8,11:29:46,82000,79900,
2015,8,11:29:47,82000,79900,
2015,8,11:29:48,82000,79900,
2015,8,11:29:49,82000,79900,
2015,8,11:29:50,82100,79900,
2015,8,11:29:51,82100,79900,
2015,8,11:29:52,82200,79900,
2015,8,11:29:53,82200,79900,
2015,8,11:29:54,82300,79900,
2015,8,11:29:55,82400,79900,
2015,8,11:29:56,82500,79900,
2015,8,11:29:57,82500,79900,
2015,8,11:29:58,82500,79900,
2015,8,11:29:59,82600,79900,
2015,8,11:30:00,82600,79900,
2015,9,11:28:00,80500,79900,
2015,9,11:28:01,80500,79900,
2015,9,11:28:02,80500,79900,
2015,9,11:28:03,80500,79900,
2015,9,11:28:04,80500,79900,
2015,9,11:28:05,80500,79900,
2015,9,11:28:06,80500,79900,
2015,9,11:28:07,80500,79900,
2015,9,11:28:08,80500,79900,
2015,9,11:28:09,80500,79900,
2015,9,11:28:10,80500,79900,
2015,9,11:28:11,80500,79900,
2015,9,11:28:12,80500,79900,
2015,9,11:28:13,80500,79900,
2015,9,11:28:14,80500,79900,
2015,9,11:28:15,80500,79900,
2015,9,11:28:16,80500,79900,
2015,9,11:28:17,80500,79900,
2015,9,11:28:18,80600,79900,
2015,9,11:28:19,80600,79900,
2015,9,11:28:20,80600,79900,
2015,9,11:28:21,80600,79900,
2015,9,11:28:22,80600,79900,
2015,9,11:28:23,80600,79900,
2015,9,11:28:24,80600,79900,
2015,9,11:28:25,80600,79900,
2015,9,11:28:26,80600,79900,
2015,9,11:28:27,80600,79900,
2015,9,11:28:28,80700,79900,
2015,9,11:28:29,80700,79900,
2015,9,11:28:30,80800,79900,
2015,9,11:28:31,80800,79900,
2015,9,11:28:32,80800,79900,
2015,9,11:28:33,80800,79900,
2015,9,11:28:34,80800,79900,
2015,9,11:28:35,80800,79900,
2015,9,11:28:36,80800,79900,
2015,9,11:28:37,80800,79900,
2015,9,11:28:38,80800,79900,
2015,9,11:28:39,80800,79900,
2015,9,11:28:40,80800,79900,
2015,9,11:28:41,80800,79900,
2015,9,11:28:42,80800,79900,
2015,9,11:28:43,80800,79900,
2015,9,11:28:44,80800,79900,
2015,9,11:28:45,80800,79900,
2015,9,11:28:46,80800,79900,
2015,9,11:28:47,80800,79900,
2015,9,11:28:48,80800,79900,
2015,9,11:28:49,80800,79900,
2015,9,11:28:50,80800,79900,
2015,9,11:28:51,80800,79900,
2015,9,11:28:52,80800,79900,
2015,9,11:28:53,80800,79900,
2015,9,11:28:54,80800,79900,
2015,9,11:28:55,80800,79900,
2015,9,11:28:56,80800,79900,
2015,9,11:28:57,80800,79900,
2015,9,11:28:58,80800,79900,
2015,9,11:28:59,80800,79900,
2015,9,11:29:00,80800,79900,
2015,9,11:29:01,80800,79900,
2015,9,11:29:02,80800,79900,
2015,9,11:29:03,80900,79900,
2015,9,11:29:04,80900,79900,
2015,9,11:29:05,80900,79900,
2015,9,11:29:06,80900,79900,
2015,9,11:29:07,81000,79900,
2015,9,11:29:08,81000,79900,
2015,9,11:29:09,81000,79900,
2015,9,11:29:10,81100,79900,
2015,9,11:29:11,81100,79900,
2015,9,11:29:12,81100,79900,
2015,9,11:29:13,81100,79900,
2015,9,11:29:14,81100,79900,
2015,9,11:29:15,81100,79900,
2015,9,11:29:16,81100,79900,
2015,9,11:29:17,81100,79900,
2015,9,11:29:18,81100,79900,
2015,9,11:29:19,81100,79900,
2015,9,11:29:20,81100,79900,
2015,9,11:29:21,81100,79900,
2015,9,11:29:22,81100,79900,
2015,9,11:29:23,81100,79900,
2015,9,11:29:24,81100,79900,
2015,9,11:29:25,81100,79900,
2015,9,11:29:26,81100,79900,
2015,9,11:29:27,81100,79900,
2015,9,11:29:28,81100,79900,
2015,9,11:29:29,81200,79900,
2015,9,11:29:30,81200,79900,
2015,9,11:29:31,81200,79900,
2015,9,11:29:32,81300,79900,
2015,9,11:29:33,81300,79900,
2015,9,11:29:34,81400,79900,
2015,9,11:29:35,81400,79900,
2015,9,11:29:36,81400,79900,
2015,9,11:29:37,81400,79900,
2015,9,11:29:38,81400,79900,
2015,9,11:29:39,81400,79900,
2015,9,11:29:40,81400,79900,
2015,9,11:29:41,81400,79900,
2015,9,11:29:42,81400,79900,
2015,9,11:29:43,81400,79900,
2015,9,11:29:44,81500,79900,
2015,9,11:29:45,81500,79900,
2015,9,11:29:46,81500,79900,
2015,9,11:29:47,81500,79900,
2015,9,11:29:48,81600,79900,
2015,9,11:29:49,81600,79900,
2015,9,11:29:50,81700,79900,
2015,9,11:29:51,81700,79900,
2015,9,11:29:52,81700,79900,
2015,9,11:29:53,81800,79900,
2015,9,11:29:54,81800,79900,
2015,9,11:29:55,81800,79900,
2015,9,11:29:56,81900,79900,
2015,9,11:29:57,82000,79900,
2015,9,11:29:58,82000,79900,
2015,9,11:29:59,82000,79900,
2015,9,11:30:00,82100,79900,
2015,10,11:28:00,83400,82600,
2015,10,11:28:01,83400,82600,
2015,10,11:28:02,83400,82600,
2015,10,11:28:03,83400,82600,
2015,10,11:28:04,83400,82600,
2015,10,11:28:05,83400,82600,
2015,10,11:28:06,83400,82600,
2015,10,11:28:07,83400,82600,
2015,10,11:28:08,83400,82600,
2015,10,11:28:09,83500,82600,
2015,10,11:28:10,83500,82600,
2015,10,11:28:11,83500,82600,
2015,10,11:28:12,83500,82600,
2015,10,11:28:13,83500,82600,
2015,10,11:28:14,83500,82600,
2015,10,11:28:15,83500,82600,
2015,10,11:28:16,83500,82600,
2015,10,11:28:17,83500,82600,
2015,10,11:28:18,83500,82600,
2015,10,11:28:19,83500,82600,
2015,10,11:28:20,83500,82600,
2015,10,11:28:21,83500,82600,
2015,10,11:28:22,83500,82600,
2015,10,11:28:23,83500,82600,
2015,10,11:28:24,83500,82600,
2015,10,11:28:25,83500,82600,
2015,10,11:28:26,83500,82600,
2015,10,11:28:27,83500,82600,
2015,10,11:28:28,83500,82600,
2015,10,11:28:29,83500,82600,
2015,10,11:28:30,83500,82600,
2015,10,11:28:31,83500,82600,
2015,10,11:28:32,83500,82600,
2015,10,11:28:33,83500,82600,
2015,10,11:28:34,83500,82600,
2015,10,11:28:35,83500,82600,
2015,10,11:28:36,83600,82600,
2015,10,11:28:37,83600,82600,
2015,10,11:28:38,83600,82600,
2015,10,11:28:39,83600,82600,
2015,10,11:28:40,83600,82600,
2015,10,11:28:41,83600,82600,
2015,10,11:28:42,83600,82600,
2015,10,11:28:43,83600,82600,
2015,10,11:28:44,83700,82600,
2015,10,11:28:45,83700,82600,
2015,10,11:28:46,83700,82600,
2015,10,11:28:47,83700,82600,
2015,10,11:28:48,83700,82600,
2015,10,11:28:49,83700,82600,
2015,10,11:28:50,83700,82600,
2015,10,11:28:51,83700,82600,
2015,10,11:28:52,83800,82600,
2015,10,11:28:53,83800,82600,
2015,10,11:28:54,83800,82600,
2015,10,11:28:55,83800,82600,
2015,10,11:28:56,83800,82600,
2015,10,11:28:57,83800,82600,
2015,10,11:28:58,83800,82600,
2015,10,11:28:59,83800,82600,
2015,10,11:29:00,83800,82600,
2015,10,11:29:01,83800,82600,
2015,10,11:29:02,83800,82600,
2015,10,11:29:03,83800,82600,
2015,10,11:29:04,83800,82600,
2015,10,11:29:05,83800,82600,
2015,10,11:29:06,83800,82600,
2015,10,11:29:07,83800,82600,
2015,10,11:29:08,83800,82600,
2015,10,11:29:09,83900,82600,
2015,10,11:29:10,83900,82600,
2015,10,11:29:11,83900,82600,
2015,10,11:29:12,84000,82600,
2015,10,11:29:13,84000,82600,
2015,10,11:29:14,84000,82600,
2015,10,11:29:15,84000,82600,
2015,10,11:29:16,84000,82600,
2015,10,11:29:17,84100,82600,
2015,10,11:29:18,84100,82600,
2015,10,11:29:19,84100,82600,
2015,10,11:29:20,84100,82600,
2015,10,11:29:21,84100,82600,
2015,10,11:29:22,84100,82600,
2015,10,11:29:23,84100,82600,
2015,10,11:29:24,84100,82600,
2015,10,11:29:25,84100,82600,
2015,10,11:29:26,84100,82600,
2015,10,11:29:27,84100,82600,
2015,10,11:29:28,84100,82600,
2015,10,11:29:29,84100,82600,
2015,10,11:29:30,84200,82600,
2015,10,11:29:31,84200,82600,
2015,10,11:29:32,84200,82600,
2015,10,11:29:33,84300,82600,
2015,10,11:29:34,84300,82600,
2015,10,11:29:35,84300,82600,
2015,10,11:29:36,84400,82600,
2015,10,11:29:37,84400,82600,
2015,10,11:29:38,84400,82600,
2015,10,11:29:39,84400,82600,
2015,10,11:29:40,84500,82600,
2015,10,11:29:41,84500,82600,
2015,10,11:29:42,84500,82600,
2015,10,11:29:43,84600,82600,
2015,10,11:29:44,84600,82600,
2015,10,11:29:45,84600,82600,
2015,10,11:29:46,84700,82600,
2015,10,11:29:47,84700,82600,
2015,10,11:29:48,84800,82600,
2015,10,11:29:49,84800,82600,
2015,10,11:29:50,84900,82600,
2015,10,11:29:51,84900,82600,
2015,10,11:29:52,85000,82600,
2015,10,11:29:53,85000,82600,
2015,10,11:29:54,85100,82600,
2015,10,11:29:55,85200,82600,
2015,10,11:29:56,85200,82600,
2015,10,11:29:57,85300,82600,
2015,10,11:29:58,85300,82600,
2015,10,11:29:59,85300,82600,
2015,10,11:30:00,85300,82600,
2015,11,11:28:00,83200,82600,
2015,11,11:28:01,83200,82600,
2015,11,11:28:02,83200,82600,
2015,11,11:28:03,83200,82600,
2015,11,11:28:04,83200,82600,
2015,11,11:28:05,83200,82600,
2015,11,11:28:06,83200,82600,
2015,11,11:28:07,83200,82600,
2015,11,11:28:08,83200,82600,
2015,11,11:28:09,83200,82600,
2015,11,11:28:10,83200,82600,
2015,11,11:28:11,83200,82600,
2015,11,11:28:12,83200,82600,
2015,11,11:28:13,83200,82600,
2015,11,11:28:14,83200,82600,
2015,11,11:28:15,83200,82600,
2015,11,11:28:16,83200,82600,
2015,11,11:28:17,83200,82600,
2015,11,11:28:18,83200,82600,
2015,11,11:28:19,83200,82600,
2015,11,11:28:20,83200,82600,
2015,11,11:28:21,83200,82600,
2015,11,11:28:22,83200,82600,
2015,11,11:28:23,83200,82600,
2015,11,11:28:24,83200,82600,
2015,11,11:28:25,83200,82600,
2015,11,11:28:26,83200,82600,
2015,11,11:28:27,83300,82600,
2015,11,11:28:28,83300,82600,
2015,11,11:28:29,83300,82600,
2015,11,11:28:30,83300,82600,
2015,11,11:28:31,83300,82600,
2015,11,11:28:32,83300,82600,
2015,11,11:28:33,83300,82600,
2015,11,11:28:34,83300,82600,
2015,11,11:28:35,83300,82600,
2015,11,11:28:36,83300,82600,
2015,11,11:28:37,83400,82600,
2015,11,11:28:38,83400,82600,
2015,11,11:28:39,83400,82600,
2015,11,11:28:40,83400,82600,
2015,11,11:28:41,83500,82600,
2015,11,11:28:42,83500,82600,
2015,11,11:28:43,83500,82600,
2015,11,11:28:44,83500,82600,
2015,11,11:28:45,83500,82600,
2015,11,11:28:46,83500,82600,
2015,11,11:28:47,83500,82600,
2015,11,11:28:48,83500,82600,
2015,11,11:28:49,83500,82600,
2015,11,11:28:50,83500,82600,
2015,11,11:28:51,83500,82600,
2015,11,11:28:52,83500,82600,
2015,11,11:28:53,83500,82600,
2015,11,11:28:54,83500,82600,
2015,11,11:28:55,83500,82600,
2015,11,11:28:56,83500,82600,
2015,11,11:28:57,83500,82600,
2015,11,11:28:58,83500,82600,
2015,11,11:28:59,83500,82600,
2015,11,11:29:00,83500,82600,
2015,11,11:29:01,83500,82600,
2015,11,11:29:02,83500,82600,
2015,11,11:29:03,83500,82600,
2015,11,11:29:04,83500,82600,
2015,11,11:29:05,83500,82600,
2015,11,11:29:06,83500,82600,
2015,11,11:29:07,83500,82600,
2015,11,11:29:08,83500,82600,
2015,11,11:29:09,83500,82600,
2015,11,11:29:10,83500,82600,
2015,11,11:29:11,83600,82600,
2015,11,11:29:12,83600,82600,
2015,11,11:29:13,83600,82600,
2015,11,11:29:14,83600,82600,
2015,11,11:29:15,83600,82600,
2015,11,11:29:16,83600,82600,
2015,11,11:29:17,83600,82600,
2015,11,11:29:18,83700,82600,
2015,11,11:29:19,83700,82600,
2015,11,11:29:20,83800,82600,
2015,11,11:29:21,83800,82600,
2015,11,11:29:22,83800,82600,
2015,11,11:29:23,83800,82600,
2015,11,11:29:24,83800,82600,
2015,11,11:29:25,83800,82600,
2015,11,11:29:26,83800,82600,
2015,11,11:29:27,83800,82600,
2015,11,11:29:28,83800,82600,
2015,11,11:29:29,83800,82600,
2015,11,11:29:30,83800,82600,
2015,11,11:29:31,83800,82600,
2015,11,11:29:32,83800,82600,
2015,11,11:29:33,83800,82600,
2015,11,11:29:34,83800,82600,
2015,11,11:29:35,83800,82600,
2015,11,11:29:36,83900,82600,
2015,11,11:29:37,83900,82600,
2015,11,11:29:38,83900,82600,
2015,11,11:29:39,83900,82600,
2015,11,11:29:40,84000,82600,
2015,11,11:29:41,84000,82600,
2015,11,11:29:42,84000,82600,
2015,11,11:29:43,84100,82600,
2015,11,11:29:44,84100,82600,
2015,11,11:29:45,84100,82600,
2015,11,11:29:46,84100,82600,
2015,11,11:29:47,84100,82600,
2015,11,11:29:48,84100,82600,
2015,11,11:29:49,84100,82600,
2015,11,11:29:50,84100,82600,
2015,11,11:29:51,84200,82600,
2015,11,11:29:52,84200,82600,
2015,11,11:29:53,84300,82600,
2015,11,11:29:54,84300,82600,
2015,11,11:29:55,84300,82600,
2015,11,11:29:56,84400,82600,
2015,11,11:29:57,84500,82600,
2015,11,11:29:58,84500,82600,
2015,11,11:29:59,84600,82600,
2015,11,11:30:00,84600,82600,
2015,12,11:28:00,83200,82600,
2015,12,11:28:01,83200,82600,
2015,12,11:28:02,83200,82600,
2015,12,11:28:03,83200,82600,
2015,12,11:28:04,83200,82600,
2015,12,11:28:05,83200,82600,
2015,12,11:28:06,83200,82600,
2015,12,11:28:07,83200,82600,
2015,12,11:28:08,83200,82600,
2015,12,11:28:09,83200,82600,
2015,12,11:28:10,83200,82600,
2015,12,11:28:11,83200,82600,
2015,12,11:28:12,83200,82600,
2015,12,11:28:13,83200,82600,
2015,12,11:28:14,83200,82600,
2015,12,11:28:15,83200,82600,
2015,12,11:28:16,83200,82600,
2015,12,11:28:17,83200,82600,
2015,12,11:28:18,83200,82600,
2015,12,11:28:19,83200,82600,
2015,12,11:28:20,83300,82600,
2015,12,11:28:21,83300,82600,
2015,12,11:28:22,83300,82600,
2015,12,11:28:23,83300,82600,
2015,12,11:28:24,83300,82600,
2015,12,11:28:25,83300,82600,
2015,12,11:28:26,83300,82600,
2015,12,11:28:27,83300,82600,
2015,12,11:28:28,83300,82600,
2015,12,11:28:29,83300,82600,
2015,12,11:28:30,83300,82600,
2015,12,11:28:31,83300,82600,
2015,12,11:28:32,83400,82600,
2015,12,11:28:33,83400,82600,
2015,12,11:28:34,83400,82600,
2015,12,11:28:35,83400,82600,
2015,12,11:28:36,83400,82600,
2015,12,11:28:37,83400,82600,
2015,12,11:28:38,83400,82600,
2015,12,11:28:39,83500,82600,
2015,12,11:28:40,83500,82600,
2015,12,11:28:41,83500,82600,
2015,12,11:28:42,83500,82600,
2015,12,11:28:43,83500,82600,
2015,12,11:28:44,83500,82600,
2015,12,11:28:45,83500,82600,
2015,12,11:28:46,83500,82600,
2015,12,11:28:47,83500,82600,
2015,12,11:28:48,83500,82600,
2015,12,11:28:49,83500,82600,
2015,12,11:28:50,83500,82600,
2015,12,11:28:51,83500,82600,
2015,12,11:28:52,83500,82600,
2015,12,11:28:53,83500,82600,
2015,12,11:28:54,83500,82600,
2015,12,11:28:55,83500,82600,
2015,12,11:28:56,83500,82600,
2015,12,11:28:57,83500,82600,
2015,12,11:28:58,83500,82600,
2015,12,11:28:59,83500,82600,
2015,12,11:29:00,83500,82600,
2015,12,11:29:01,83500,82600,
2015,12,11:29:02,83500,82600,
2015,12,11:29:03,83500,82600,
2015,12,11:29:04,83500,82600,
2015,12,11:29:05,83500,82600,
2015,12,11:29:06,83500,82600,
2015,12,11:29:07,83500,82600,
2015,12,11:29:08,83500,82600,
2015,12,11:29:09,83500,82600,
2015,12,11:29:10,83500,82600,
2015,12,11:29:11,83500,82600,
2015,12,11:29:12,83500,82600,
2015,12,11:29:13,83500,82600,
2015,12,11:29:14,83500,82600,
2015,12,11:29:15,83500,82600,
2015,12,11:29:16,83600,82600,
2015,12,11:29:17,83600,82600,
2015,12,11:29:18,83600,82600,
2015,12,11:29:19,83600,82600,
2015,12,11:29:20,83600,82600,
2015,12,11:29:21,83600,82600,
2015,12,11:29:22,83600,82600,
2015,12,11:29:23,83600,82600,
2015,12,11:29:24,83700,82600,
2015,12,11:29:25,83700,82600,
2015,12,11:29:26,83700,82600,
2015,12,11:29:27,83800,82600,
2015,12,11:29:28,83800,82600,
2015,12,11:29:29,83800,82600,
2015,12,11:29:30,83800,82600,
2015,12,11:29:31,83800,82600,
2015,12,11:29:32,83800,82600,
2015,12,11:29:33,83800,82600,
2015,12,11:29:34,83800,82600,
2015,12,11:29:35,83800,82600,
2015,12,11:29:36,83800,82600,
2015,12,11:29:37,83800,82600,
2015,12,11:29:38,83800,82600,
2015,12,11:29:39,83800,82600,
2015,12,11:29:40,83800,82600,
2015,12,11:29:41,83800,82600,
2015,12,11:29:42,83800,82600,
2015,12,11:29:43,83900,82600,
2015,12,11:29:44,83900,82600,
2015,12,11:29:45,83900,82600,
2015,12,11:29:46,84000,82600,
2015,12,11:29:47,84000,82600,
2015,12,11:29:48,84000,82600,
2015,12,11:29:49,84100,82600,
2015,12,11:29:50,84100,82600,
2015,12,11:29:51,84100,82600,
2015,12,11:29:52,84100,82600,
2015,12,11:29:53,84100,82600,
2015,12,11:29:54,84200,82600,
2015,12,11:29:55,84200,82600,
2015,12,11:29:56,84200,82600,
2015,12,11:29:57,84300,82600,
2015,12,11:29:58,84400,82600,
2015,12,11:29:59,84400,82600,
2015,12,11:30:00,84500,82600,
2016,1,11:29:00,81500,,
2016,1,11:29:01,81500,,
2016,1,11:29:02,81500,,
2016,1,11:29:03,81500,,
2016,1,11:29:04,81500,,
2016,1,11:29:05,81500,,
2016,1,11:29:06,81500,,
2016,1,11:29:07,81500,,
2016,1,11:29:08,81500,,
2016,1,11:29:09,81500,,
2016,1,11:29:10,81500,,
2016,1,11:29:11,81500,,
2016,1,11:29:12,81500,,
2016,1,11:29:13,81500,,
2016,1,11:29:14,81500,,
2016,1,11:29:15,81500,,
2016,1,11:29:16,81500,,
2016,1,11:29:17,81500,,
2016,1,11:29:18,81500,,
2016,1,11:29:19,81500,,
2016,1,11:29:20,81600,,
2016,1,11:29:21,81600,,
2016,1,11:29:22,81600,,
2016,1,11:29:23,81600,,
2016,1,11:29:24,81600,,
2016,1,11:29:25,81700,,
2016,1,11:29:26,81700,,
2016,1,11:29:27,81700,,
2016,1,11:29:28,81800,,
2016,1,11:29:29,81800,,
2016,1,11:29:30,81800,,
2016,1,11:29:31,81800,,
2016,1,11:29:32,81800,,
2016,1,11:29:33,81800,,
2016,1,11:29:34,81800,,
2016,1,11:29:35,81800,,
2016,1,11:29:36,81800,,
2016,1,11:29:37,81800,,
2016,1,11:29:38,81800,,
2016,1,11:29:39,81800,,
2016,1,11:29:40,81800,,
2016,1,11:29:41,81800,,
2016,1,11:29:42,81800,,
2016,1,11:29:43,81800,,
2016,1,11:29:44,81900,,
2016,1,11:29:45,81900,,
2016,1,11:29:46,81900,,
2016,1,11:29:47,82000,,
2016,1,11:29:48,82000,,
2016,1,11:29:49,82000,,
2016,1,11:29:50,82100,,
2016,1,11:29:51,82100,,
2016,1,11:29:52,82100,,
2016,1,11:29:53,82100,,
2016,1,11:29:54,82200,,
2016,1,11:29:55,82200,,
2016,1,11:29:56,82200,,
2016,1,11:29:57,82200,,
2016,1,11:29:58,82200,,
2016,1,11:29:59,82200,,
2016,1,11:30:00,82200,,
2016,2,11:29:00,81500,,
2016,2,11:29:01,81500,,
2016,2,11:29:02,81500,,
2016,2,11:29:03,81500,,
2016,2,11:29:04,81500,,
2016,2,11:29:05,81500,,
2016,2,11:29:06,81500,,
2016,2,11:29:07,81600,,
2016,2,11:29:08,81600,,
2016,2,11:29:09,81600,,
2016,2,11:29:10,81700,,
2016,2,11:29:11,81700,,
2016,2,11:29:12,81800,,
2016,2,11:29:13,81800,,
2016,2,11:29:14,81800,,
2016,2,11:29:15,81800,,
2016,2,11:29:16,81800,,
2016,2,11:29:17,81800,,
2016,2,11:29:18,81800,,
2016,2,11:29:19,81800,,
2016,2,11:29:20,81800,,
2016,2,11:29:21,81800,,
2016,2,11:29:22,81800,,
2016,2,11:29:23,81800,,
2016,2,11:29:24,81800,,
2016,2,11:29:25,81800,,
2016,2,11:29:26,81800,,
2016,2,11:29:27,81800,,
2016,2,11:29:28,81800,,
2016,2,11:29:29,81800,,
2016,2,11:29:30,81800,,
2016,2,11:29:31,81900,,
2016,2,11:29:32,81900,,
2016,2,11:29:33,82000,,
2016,2,11:29:34,82000,,
2016,2,11:29:35,82100,,
2016,2,11:29:36,82100,,
2016,2,11:29:37,82100,,
2016,2,11:29:38,82100,,
2016,2,11:29:39,82100,,
2016,2,11:29:40,82200,,
2016,2,11:29:41,82200,,
2016,2,11:29:42,82300,,
2016,2,11:29:43,82300,,
2016,2,11:29:44,82400,,
2016,2,11:29:45,82400,,
2016,2,11:29:46,82500,,
2016,2,11:29:47,82600,,
2016,2,11:29:48,82600,,
2016,2,11:29:49,82700,,
2016,2,11:29:50,82700,,
2016,2,11:29:51,82800,,
2016,2,11:29:52,82900,,
2016,2,11:29:53,83000,,
2016,2,11:29:54,83000,,
2016,2,11:29:55,83000,,
2016,2,11:29:56,83100,,
2016,2,11:29:57,83100,,
2016,2,11:29:58,83200,,
2016,2,11:29:59,83200,,
2016,2,11:30:00,83200,,
2016,3,11:29:00,81500,,
2016,3,11:29:01,81500,,
2016,3,11:29:02,81500,,
2016,3,11:29:03,81500,,
2016,3,11:29:04,81500,,
2016,3,11:29:05,81500,,
2016,3,11:29:06,81600,,
2016,3,11:29:07,81600,,
2016,3,11:29:08,81600,,
2016,3,11:29:09,81700,,
2016,3,11:29:10,81700,,
2016,3,11:29:11,81800,,
2016,3,11:29:12,81800,,
2016,3,11:29:13,81800,,
2016,3,11:29:14,81800,,
2016,3,11:29:15,81800,,
2016,3,11:29:16,81800,,
2016,3,11:29:17,81800,,
2016,3,11:29:18,81800,,
2016,3,11:29:19,81800,,
2016,3,11:29:20,81800,,
2016,3,11:29:21,81800,,
2016,3,11:29:22,81800,,
2016,3,11:29:23,81800,,
2016,3,11:29:24,81800,,
2016,3,11:29:25,81800,,
2016,3,11:29:26,81800,,
2016,3,11:29:27,81800,,
2016,3,11:29:28,81800,,
2016,3,11:29:29,81800,,
2016,3,11:29:30,81800,,
2016,3,11:29:31,81900,,
2016,3,11:29:32,81900,,
2016,3,11:29:33,82000,,
2016,3,11:29:34,82000,,
2016,3,11:29:35,82100,,
2016,3,11:29:36,82100,,
2016,3,11:29:37,82100,,
2016,3,11:29:38,82100,,
2016,3,11:29:39,82100,,
2016,3,11:29:40,82100,,
2016,3,11:29:41,82100,,
2016,3,11:29:42,82200,,
2016,3,11:29:43,82200,,
2016,3,11:29:44,82200,,
2016,3,11:29:45,82300,,
2016,3,11:29:46,82400,,
2016,3,11:29:47,82400,,
2016,3,11:29:48,82500,,
2016,3,11:29:49,82500,,
2016,3,11:29:50,82600,,
2016,3,11:29:51,82700,,
2016,3,11:29:52,82800,,
2016,3,11:29:53,82800,,
2016,3,11:29:54,82900,,
2016,3,11:29:55,83000,,
2016,3,11:29:56,83000,,
2016,3,11:29:57,83000,,
2016,3,11:29:58,83000,,
2016,3,11:29:59,83100,,
2016,3,11:30:00,83100,,
2016,4,11:29:00,83700,,
2016,4,11:29:01,83700,,
2016,4,11:29:02,83700,,
2016,4,11:29:03,83700,,
2016,4,11:29:04,83700,,
2016,4,11:29:05,83700,,
2016,4,11:29:06,83700,,
2016,4,11:29:07,83700,,
2016,4,11:29:08,83700,,
2016,4,11:29:09,83700,,
2016,4,11:29:10,83700,,
2016,4,11:29:11,83700,,
2016,4,11:29:12,83700,,
2016,4,11:29:13,83700,,
2016,4,11:29:14,83800,,
2016,4,11:29:15,83800,,
2016,4,11:29:16,83800,,
2016,4,11:29:17,83900,,
2016,4,11:29:18,83900,,
2016,4,11:29:19,83900,,
2016,4,11:29:20,83900,,
2016,4,11:29:21,84000,,
2016,4,11:29:22,84000,,
2016,4,11:29:23,84000,,
2016,4,11:29:24,84000,,
2016,4,11:29:25,84000,,
2016,4,11:29:26,84000,,
2016,4,11:29:27,84000,,
2016,4,11:29:28,84000,,
2016,4,11:29:29,84000,,
2016,4,11:29:30,84000,,
2016,4,11:29:31,84000,,
2016,4,11:29:32,84000,,
2016,4,11:29:33,84000,,
2016,4,11:29:34,84000,,
2016,4,11:29:35,84000,,
2016,4,11:29:36,84000,,
2016,4,11:29:37,84000,,
2016,4,11:29:38,84000,,
2016,4,11:29:39,84100,,
2016,4,11:29:40,84100,,
2016,4,11:29:41,84200,,
2016,4,11:29:42,84200,,
2016,4,11:29:43,84300,,
2016,4,11:29:44,84300,,
2016,4,11:29:45,84300,,
2016,4,11:29:46,84300,,
2016,4,11:29:47,84400,,
2016,4,11:29:48,84400,,
2016,4,11:29:49,84400,,
2016,4,11:29:50,84500,,
2016,4,11:29:51,84500,,
2016,4,11:29:52,84500,,
2016,4,11:29:53,84600,,
2016,4,11:29:54,84600,,
2016,4,11:29:55,84700,,
2016,4,11:29:56,84800,,
2016,4,11:29:57,84800,,
2016,4,11:29:58,84900,,
2016,4,11:29:59,85000,,
2016,4,11:30:00,85100,,
2016,5,11:29:00,83700,,
2016,5,11:29:01,83700,,
2016,5,11:29:02,83700,,
2016,5,11:29:03,83700,,
2016,5,11:29:04,83700,,
2016,5,11:29:05,83700,,
2016,5,11:29:06,83700,,
2016,5,11:29:07,83700,,
2016,5,11:29:08,83700,,
2016,5,11:29:09,83700,,
2016,5,11:29:10,83700,,
2016,5,11:29:11,83700,,
2016,5,11:29:12,83700,,
2016,5,11:29:13,83700,,
2016,5,11:29:14,83700,,
2016,5,11:29:15,83700,,
2016,5,11:29:16,83700,,
2016,5,11:29:17,83800,,
2016,5,11:29:18,83800,,
2016,5,11:29:19,83800,,
2016,5,11:29:20,83800,,
2016,5,11:29:21,83800,,
2016,5,11:29:22,83900,,
2016,5,11:29:23,83900,,
2016,5,11:29:24,83900,,
2016,5,11:29:25,84000,,
2016,5,11:29:26,84000,,
2016,5,11:29:27,84000,,
2016,5,11:29:28,84000,,
2016,5,11:29:29,84000,,
2016,5,11:29:30,84000,,
2016,5,11:29:31,84000,,
2016,5,11:29:32,84000,,
2016,5,11:29:33,84000,,
2016,5,11:29:34,84000,,
2016,5,11:29:35,84000,,
2016,5,11:29:36,84000,,
2016,5,11:29:37,84000,,
2016,5,11:29:38,84000,,
2016,5,11:29:39,84000,,
2016,5,11:29:40,84000,,
2016,5,11:29:41,84000,,
2016,5,11:29:42,84000,,
2016,5,11:29:43,84000,,
2016,5,11:29:44,84100,,
2016,5,11:29:45,84100,,
2016,5,11:29:46,84200,,
2016,5,11:29:47,84300,,
2016,5,11:29:48,84300,,
2016,5,11:29:49,84300,,
2016,5,11:29:50,84400,,
2016,5,11:29:51,84400,,
2016,5,11:29:52,84400,,
2016,5,11:29:53,84500,,
2016,5,11:29:54,84500,,
2016,5,11:29:55,84600,,
2016,5,11:29:56,84700,,
2016,5,11:29:57,84800,,
2016,5,11:29:58,84900,,
2016,5,11:29:59,84900,,
2016,5,11:30:00,85000,,
2016,6,11:29:00,83500,,
2016,6,11:29:01,83500,,
2016,6,11:29:02,83500,,
2016,6,11:29:03,83500,,
2016,6,11:29:04,83500,,
2016,6,11:29:05,83500,,
2016,6,11:29:06,83600,,
2016,6,11:29:07,83600,,
2016,6,11:29:08,83600,,
2016,6,11:29:09,83700,,
2016,6,11:29:10,83700,,
2016,6,11:29:11,83700,,
2016,6,11:29:12,83700,,
2016,6,11:29:13,83700,,
2016,6,11:29:14,83700,,
2016,6,11:29:15,83700,,
2016,6,11:29:16,83700,,
2016,6,11:29:17,83700,,
2016,6,11:29:18,83700,,
2016,6,11:29:19,83700,,
2016,6,11:29:20,83700,,
2016,6,11:29:21,83800,,
2016,6,11:29:22,83800,,
2016,6,11:29:23,83800,,
2016,6,11:29:24,83800,,
2016,6,11:29:25,83800,,
2016,6,11:29:26,83800,,
2016,6,11:29:27,83800,,
2016,6,11:29:28,83800,,
2016,6,11:29:29,83800,,
2016,6,11:29:30,83800,,
2016,6,11:29:31,83800,,
2016,6,11:29:32,83800,,
2016,6,11:29:33,83800,,
2016,6,11:29:34,83900,,
2016,6,11:29:35,83900,,
2016,6,11:29:36,84000,,
2016,6,11:29:37,84000,,
2016,6,11:29:38,84000,,
2016,6,11:29:39,84000,,
2016,6,11:29:40,84000,,
2016,6,11:29:41,84000,,
2016,6,11:29:42,84000,,
2016,6,11:29:43,84100,,
2016,6,11:29:44,84100,,
2016,6,11:29:45,84100,,
2016,6,11:29:46,84100,,
2016,6,11:29:47,84100,,
2016,6,11:29:48,84100,,
2016,6,11:29:49,84100,,
2016,6,11:29:50,84100,,
2016,6,11:29:51,84100,,
2016,6,11:29:52,84100,,
2016,6,11:29:53,84200,,
2016,6,11:29:54,84200,,
2016,6,11:29:55,84200,,
2016,6,11:29:56,84300,,
2016,6,11:29:57,84300,,
2016,6,11:29:58,84300,,
2016,6,11:29:59,84300,,
2016,6,11:30:00,84400,,